,Gene / Locus,SNP,Chr:Pos,PMID,MAF,Coverage,Trait,P_min,SNP_Gwsig,SNP_Bonf,SNP_sig01,Rsq08snp_rsID,CP,r2,MAF,Trait,P_min,Rsq08_Gwsig,Rsq08_Bonf,Rsq08_sig01,Rsq01snp_rsID,CP,r2,MAF,Trait,P_min,Locus_Gwsig,Locus_Bonf,Locus_sig01
1,NADK-CPSF3L,rs139385870,1:1685921,28951623,n/a,"SNP: notHRC, but Proxies GW-sig",n/a,n/a,n/a,n/a,n/a,rs7796,1:1684169,0.9837,0.4886,SBP,5.00E-27,TRUE,TRUE,TRUE,,,,,,,,,
,PRDM16,rs2493292,1:3328659,27618448,0.144,,DBP,5.54E-23,TRUE,TRUE,TRUE,rs2493288,1:3330884,0.9586,0.1424,DBP,1.97E-23,TRUE,TRUE,TRUE,,,,,,,,,
1,RNF207,rs709209,1:6278414,27618447,0.3422,,PP,2.82E-08,TRUE,TRUE,TRUE,rs846106,1:6294072,0.9366,0.3559,PP,2.92E-09,TRUE,TRUE,TRUE,rs11121483,1:6263792,0.4785,0.393,PP,3.11E-11,TRUE,TRUE,TRUE
,SPSB1[89009]-SLC25A33[200882];chr1mb9,rs9662255,1:9441949,"27841878, 28951623",0.4264,,PP,6.90E-25,TRUE,TRUE,TRUE,rs1890683,1:9441477,0.9996,0.4275,PP,2.33E-25,TRUE,TRUE,TRUE,,,,,,,,,
1,CASZ1,rs880315,1:10796866,20479155,0.3435,,SBP,9.59E-56,TRUE,TRUE,TRUE,rs17035646,1:10796547,0.9899,0.3412,SBP,1.39E-56,TRUE,TRUE,TRUE,,,,,,,,,
,MTHFR-NPPB,rs4846049,1:11850365,22100073,0.3249,,SBP,4.18E-59,TRUE,TRUE,TRUE,rs1801131,1:11854476,0.9361,0.314,SBP,3.60E-62,TRUE,TRUE,TRUE,rs6699618,1:11881441,0.3826,0.1599,SBP,1.68E-109,TRUE,TRUE,TRUE
,MTHFR-NPPB,rs17367504,1:11862778,19430483,0.1591,,SBP,1.58E-104,TRUE,TRUE,TRUE,rs6699618,1:11881441,0.9879,0.1599,SBP,1.68E-109,TRUE,TRUE,TRUE,,,,,,,,,
,MTHFR-NPPB,rs5068,1:11905974,19219041,0.0575,,SBP,3.41E-81,TRUE,TRUE,TRUE,rs41275494,1:11894133,0.9920,0.057,SBP,3.10E-81,TRUE,TRUE,TRUE,rs6699618,1:11881441,0.2929,0.1599,SBP,1.68E-109,TRUE,TRUE,TRUE
1,CELA2A,rs3820068,1:15798197,"27841878, 28951623",0.1962,,SBP,3.31E-14,TRUE,TRUE,TRUE,rs57440988,1:15879034,0.8107,0.2201,SBP,6.11E-17,TRUE,TRUE,TRUE,rs72645890,1:15930602,0.5217,0.28,SBP,1.11E-23,TRUE,TRUE,TRUE
,HSPB7,rs1048238,1:16341649,28739976,n/a,No Proxies but Locus GW-sig,n/a,n/a,n/a,n/a,n/a,,,,,,,,,,rs3738633,1:16359827,0.1009,0.4504,DBP,4.96E-12,TRUE,TRUE,TRUE
1,chr1mb25,rs6686889,1:25030470,28951623,0.2533,,DBP,6.95E-22,TRUE,TRUE,TRUE,,,,,,,,,,,,,,,,,,
,MTF1,rs9729719,1:38298207,27841878,0.2929,,PP,1.29E-18,TRUE,TRUE,TRUE,rs12751325,1:38289383,0.9912,0.2948,PP,4.57E-19,TRUE,TRUE,TRUE,rs4360494,1:38455891,0.2720,0.4487,PP,1.29E-43,TRUE,TRUE,TRUE
,SF3A3,rs4360494,1:38455891,28951623,0.4487,,PP,1.29E-43,TRUE,TRUE,TRUE,,,,,,,,,,,,,,,,,,
1,PABPC4,rs4660293,1:40028180,27618448,0.2364,,DBP,8.99E-07,FALSE,TRUE,TRUE,rs2293476,1:40036847,0.9623,0.2296,DBP,1.60E-07,FALSE,TRUE,TRUE,rs72663521,1:40005903,0.7341,0.1871,DBP,1.42E-08,TRUE,TRUE,TRUE
,HIVEP3,rs7515635,1:42408070,27618452,0.4619,,SBP,1.25E-16,TRUE,TRUE,TRUE,rs1890083,1:42377031,0.9129,0.4706,SBP,3.98E-19,TRUE,TRUE,TRUE,rs1408945,1:42364877,0.5448,0.4243,SBP,8.33E-26,TRUE,TRUE,TRUE
1,FAF1,rs147696085,1:51021867,27841878,0.0939,,PP,1.33E-10,TRUE,TRUE,TRUE,rs1278516,1:50900021,0.8765,0.0976,PP,2.02E-12,TRUE,TRUE,TRUE,,,,,,,,,
,RP4-710M16.1-PPAP2B,rs112557609,1:56576924,28951623,0.3439,,PP,1.50E-23,TRUE,TRUE,TRUE,rs778124,1:56606206,0.8770,0.3738,PP,2.68E-26,TRUE,TRUE,TRUE,,,,,,,,,
,PPAP2B,rs2404715,1:57008778,27841878,0.0924,,PP,1.69E-14,TRUE,TRUE,TRUE,rs72664332,1:56980222,0.9977,0.0922,PP,6.81E-15,TRUE,TRUE,TRUE,,,,,,,,,
1,FGGY,rs3889199,1:59653742,28951623,0.2878,,PP,2.01E-53,TRUE,TRUE,TRUE,rs17535443,1:59646056,0.8305,0.273,PP,7.60E-57,TRUE,TRUE,TRUE,,,,,,,,,
1,HSD52[65734]-MIR4711[535627],rs60199046,1:59663341,27841878,0.2887,,PP,1.18E-53,TRUE,TRUE,TRUE,rs12755444,1:59681252,0.9989,0.2891,PP,3.22E-54,TRUE,TRUE,TRUE,rs17535443,1:59646056,0.7872,0.273,PP,7.60E-57,TRUE,TRUE,TRUE
,GTF2B,rs10922502,1:89360158,28951623,0.372,,SBP,6.14E-20,TRUE,TRUE,TRUE,rs12035750,1:89332099,0.8340,0.3731,SBP,2.30E-22,TRUE,TRUE,TRUE,rs786923,1:89242954,0.7461,0.3761,SBP,2.83E-23,TRUE,TRUE,TRUE
1,ST7L-CAPZA1-MOV10,rs17030613,1:113190807,21572416,0.2095,,DBP,8.22E-41,TRUE,TRUE,TRUE,rs12045227,1:113128212,0.9829,0.2061,DBP,2.88E-42,TRUE,TRUE,TRUE,,,,,,,,,
1,ST7L-CAPZA1-MOV10,rs2932538,1:113216543,21909115,0.2566,,DBP,8.85E-35,TRUE,TRUE,TRUE,rs3790612,1:113084146,0.9543,0.2596,DBP,1.32E-36,TRUE,TRUE,TRUE,rs351365,1:113046395,0.1419,0.253,DBP,1.61E-42,TRUE,TRUE,TRUE
,NPR1,rs35479618,1:153662423,27618448,n/a,"SNP: lowFreq, but Locus Support",n/a,n/a,n/a,n/a,n/a,,,,,,,,,,rs12563539,1:153961784,0.1129,0.0457,DBP,7.64E-03,FALSE,FALSE,TRUE
1,NME7,rs7519279,1:169207361,27841878,n/a,"SNP: notHRC, but Proxies GW-sig",n/a,n/a,n/a,n/a,n/a,rs4656180,1:169113881,0.9376,0.3473,PP,6.63E-20,TRUE,TRUE,TRUE,rs12138150,1:169098738,0.7034,0.4021,PP,5.66E-21,TRUE,TRUE,TRUE
,DNM3,rs12405515,1:172357441,"27841878, 28951623",0.4298,,DBP,1.92E-22,TRUE,TRUE,TRUE,,,,,,,,,,,,,,,,,,
1,MDM4,rs2169137,1:204497913,27841878,0.2713,,DBP,3.17E-16,TRUE,TRUE,TRUE,,,,,,,,,,,,,,,,,,
1,MDM4,rs4245739,1:204518842,23303523,0.2721,,DBP,3.44E-16,TRUE,TRUE,TRUE,rs2169137,1:204497913,0.9971,0.2713,DBP,3.17E-16,TRUE,TRUE,TRUE,,,,,,,,,
,CR1L[101291]-CD46[49113],rs2761436,1:207919748,27841878,0.4627,,PP,6.36E-18,TRUE,TRUE,TRUE,rs2745972,1:207980563,0.9052,0.4685,PP,1.84E-19,TRUE,TRUE,TRUE,rs558248,1:208047435,0.4778,0.378,PP,1.61E-19,TRUE,TRUE,TRUE
,CD34,rs12731740,1:208024820,28951623,0.1082,,PP,3.64E-17,TRUE,TRUE,TRUE,rs12568382,1:207966393,0.9325,0.1125,PP,1.23E-17,TRUE,TRUE,TRUE,rs558248,1:208047435,0.1475,0.378,PP,1.61E-19,TRUE,TRUE,TRUE
1,GPATCH2,rs12408022,1:217718789,28951623,0.2588,,DBP,9.60E-14,TRUE,TRUE,TRUE,rs17046596,1:217722449,0.9998,0.259,DBP,3.77E-14,TRUE,TRUE,TRUE,rs68085857,1:217737629,0.6228,0.234,DBP,9.83E-21,TRUE,TRUE,TRUE
,CDC42BPA,rs10916082,1:227252626,28951623,n/a,"SNP: notHRC, but Proxies GW-sig",n/a,n/a,n/a,n/a,n/a,rs6426595,1:227393506,0.8572,0.29,DBP,6.58E-14,TRUE,TRUE,TRUE,,,,,,,,,
1,WNT3A,rs2760061,1:228191075,28951623,0.4804,,DBP,1.04E-23,TRUE,TRUE,TRUE,,,,,,,,,,,,,,,,,,
,AGT,rs2004776,1:230848702,21444836,0.2403,,DBP,2.55E-35,TRUE,TRUE,TRUE,,,,,,,,,,rs699,1:230845794,0.4690,0.407,DBP,1.30E-40,TRUE,TRUE,TRUE
1,SDCCAG8,rs953492,1:243471192,28951623,0.4706,,DBP,7.80E-30,TRUE,TRUE,TRUE,rs2484640,1:243462417,0.9213,0.4895,DBP,3.98E-31,TRUE,TRUE,TRUE,rs3943093,1:243458502,0.4269,0.3234,DBP,3.95E-41,TRUE,TRUE,TRUE
1,SDCCAG8,rs6429422,1:243472801,27841878,0.322,,DBP,3.29E-40,TRUE,TRUE,TRUE,rs3943093,1:243458502,0.8409,0.3234,DBP,3.95E-41,TRUE,TRUE,TRUE,,,,,,,,,
,OSR1,rs1344653,2:19730845,26390057,0.499,,SBP,3.09E-17,TRUE,TRUE,TRUE,rs62126626,2:19711145,0.8917,0.4709,PP,8.09E-41,TRUE,TRUE,TRUE,rs1344652,2:19731180,0.4697,0.3166,PP,3.93E-56,TRUE,TRUE,TRUE
1,GDF7[12397]-C2orf43[144007],rs7255,2:20878820,27841878,0.4535,,PP,1.70E-20,TRUE,TRUE,TRUE,,,,,,,,,,,,,,,,,,
1,C2orf43,rs2289081,2:20881840,28951623,0.3607,,PP,4.57E-17,TRUE,TRUE,TRUE,rs3072,2:20878406,0.8972,0.3686,PP,2.53E-18,TRUE,TRUE,TRUE,rs7255,2:20878820,0.6313,0.4535,PP,1.70E-20,TRUE,TRUE,TRUE
,ADCY3,rs55701159,2:25139596,28951623,0.1133,,SBP,1.73E-16,TRUE,TRUE,TRUE,rs11125866,2:25201743,0.8756,0.1186,SBP,5.10E-17,TRUE,TRUE,TRUE,rs2384061,2:25135620,0.1675,0.4221,DBP,2.25E-23,TRUE,TRUE,TRUE
1,KCNK3,rs1275988,2:26914364,24975945,0.3888,,SBP,4.42E-69,TRUE,TRUE,TRUE,,,,,,,,,,,,,,,,,,
,SLC4A1AP,rs9678851,2:27887034,In press,0.4325,,SBP,1.99E-08,TRUE,TRUE,TRUE,rs7564625,2:27862397,0.9743,0.4368,SBP,2.29E-09,TRUE,TRUE,TRUE,rs10205364,2:27794233,0.7534,0.4849,SBP,2.92E-10,TRUE,TRUE,TRUE
1,FOSL2,rs7562,2:28635740,28951623,0.4793,,SBP,3.26E-14,TRUE,TRUE,TRUE,,,,,,,,,,,,,,,,,,
,PRKD3,rs13420463,2:37517566,"27841878, 28951623",0.2266,,SBP,2.72E-18,TRUE,TRUE,TRUE,rs6734118,2:37559355,0.8458,0.2159,SBP,1.42E-18,TRUE,TRUE,TRUE,,,,,,,,,
1,SLC8A1,rs4952611,2:40567743,28951623,0.4205,,DBP,7.38E-15,TRUE,TRUE,TRUE,,,,,,,,,,rs12611608,2:40577162,0.2967,0.4883,DBP,1.69E-16,TRUE,TRUE,TRUE
,HAAO[84530]-ZFP36L2[374987],rs13403122,2:43078758,27841878,0.2718,,DBP,3.24E-19,TRUE,TRUE,TRUE,rs62140178,2:43077138,0.9893,0.2692,DBP,2.83E-19,TRUE,TRUE,TRUE,rs76326501,2:43167878,0.1908,0.0911,DBP,2.17E-32,TRUE,TRUE,TRUE
,AC016735.1,rs76326501,2:43167878,28951623,0.0911,,DBP,2.17E-32,TRUE,TRUE,TRUE,,,,,,,,,,,,,,,,,,
1,PRKCE,rs11690961,2:46363336,"27841878, 28951623",0.1167,,PP,1.93E-21,TRUE,TRUE,TRUE,,,,,,,,,,,,,,,,,,
,PNPT1,rs1975487,2:55809054,27618452,0.4814,,DBP,1.01E-15,TRUE,TRUE,TRUE,rs2586970,2:55829967,0.8988,0.4361,DBP,1.56E-17,TRUE,TRUE,TRUE,,,,,,,,,
1,CEP68,rs74181299,2:65283972,28951623,n/a,"SNP: notHRC, but Proxies GW-sig",n/a,n/a,n/a,n/a,n/a,rs2540951,2:65276736,0.9983,0.3787,PP,1.26E-26,TRUE,TRUE,TRUE,,,,,,,,,
,ZNF638,rs3771371,2:71627539,28951623,0.4303,,PP,1.15E-10,TRUE,TRUE,TRUE,rs7578166,2:71630041,0.8475,0.3861,PP,4.06E-11,TRUE,TRUE,TRUE,,,,,,,,,
1,EXOC6B[707909]-SPR[4937],rs1876487,2:73114352,27841878,0.2948,,DBP,1.93E-08,TRUE,TRUE,TRUE,rs1876489,2:73052273,0.8200,0.2827,DBP,1.16E-12,TRUE,TRUE,TRUE,,,,,,,,,
,TCF7L1,rs11689667,2:85491365,28951623,0.4556,,PP,7.36E-23,TRUE,TRUE,TRUE,,,,,,,,,,,,,,,,,,
1,GPAT2-FAHD2CP,rs2579519,2:96675166,28951623,0.3831,,DBP,4.24E-24,TRUE,TRUE,TRUE,rs2252697,2:96778190,0.8814,0.3819,DBP,1.63E-26,TRUE,TRUE,TRUE,rs62155750,2:96491456,0.7181,0.3074,DBP,8.27E-29,TRUE,TRUE,TRUE
1,FER1L5,rs7599598,2:97351840,27841878,0.4305,,DBP,4.28E-10,TRUE,TRUE,TRUE,,,,,,,,,,rs810057,2:97015073,0.2227,0.3423,DBP,1.29E-26,TRUE,TRUE,TRUE
,SULT1C3,rs6722745,2:108875244,27618448,0.2737,,DBP,2.15E-06,FALSE,TRUE,TRUE,rs6542756,2:108865629,0.9963,0.2738,DBP,2.10E-06,FALSE,TRUE,TRUE,rs2305484,2:108905030,0.3461,0.4119,DBP,1.29E-07,FALSE,TRUE,TRUE
1,TEX41,rs1438896,2:145646072,28951623,0.2981,,DBP,4.56E-25,TRUE,TRUE,TRUE,rs12151653,2:145726656,0.9774,0.2987,DBP,9.72E-27,TRUE,TRUE,TRUE,rs55944332,2:145726621,0.7137,0.2368,DBP,3.27E-31,TRUE,TRUE,TRUE
,FIGN-GRB14,rs16849225,2:164906820,21572416,0.237,,PP,4.51E-54,TRUE,TRUE,TRUE,rs72874178,2:164924573,0.9751,0.2345,PP,4.29E-55,TRUE,TRUE,TRUE,rs268263,2:164954174,0.2384,0.2502,SBP,1.77E-63,TRUE,TRUE,TRUE
,FIGN-GRB14,rs13002573,2:164915208,21909110,0.2347,,PP,1.29E-54,TRUE,TRUE,TRUE,rs72874178,2:164924573,0.9924,0.2345,PP,4.29E-55,TRUE,TRUE,TRUE,rs268263,2:164954174,0.2433,0.2502,SBP,1.77E-63,TRUE,TRUE,TRUE
,FIGN-GRB14,rs1446468,2:164963486,21909110,0.4538,,SBP,4.38E-62,TRUE,TRUE,TRUE,rs73029563,2:165008166,0.9631,0.4549,SBP,4.20E-64,TRUE,TRUE,TRUE,,,,,,,,,
,FIGN-GRB14,rs6712094,2:165043460,24975945,0.2706,,SBP,2.09E-57,TRUE,TRUE,TRUE,rs6726740,2:165050128,0.9940,0.2706,SBP,2.81E-58,TRUE,TRUE,TRUE,rs73029563,2:165008166,0.3713,0.4549,SBP,4.20E-64,TRUE,TRUE,TRUE
1,STK39,rs6749447,2:169041386,27841878,0.2617,,SBP,1.63E-01,FALSE,FALSE,FALSE,rs4668023,2:169001551,0.8532,0.2883,SBP,1.79E-02,FALSE,FALSE,FALSE,rs2390641,2:169029964,0.4975,0.1814,DBP,2.25E-03,FALSE,FALSE,TRUE
,CCDC141,rs7591091,2:179754194,27841878,0.305,,DBP,2.30E-12,TRUE,TRUE,TRUE,,,,,,,,,,rs17362588,2:179721046,0.2188,0.0881,DBP,9.27E-28,TRUE,TRUE,TRUE
,CCDC141,rs79146658,2:179786068,28951623,0.0855,,DBP,7.85E-27,TRUE,TRUE,TRUE,rs17362588,2:179721046,0.8252,0.0881,DBP,9.27E-28,TRUE,TRUE,TRUE,,,,,,,,,
1,PDE1A,rs16823124,2:183224127,24560520,0.3069,,DBP,4.06E-34,TRUE,TRUE,TRUE,rs12693302,2:183211443,0.8019,0.3482,DBP,2.16E-39,TRUE,TRUE,TRUE,,,,,,,,,
,TMEM194B,rs7592578,2:191439591,28951623,0.1938,,DBP,4.71E-19,TRUE,TRUE,TRUE,,,,,,,,,,,,,,,,,,
,TMEM194B[122793]-NAB1[63081],rs6434404,2:191494411,27841878,0.3223,,SBP,6.47E-12,TRUE,TRUE,TRUE,rs34109383,2:191464451,0.8534,0.3309,PP,1.96E-12,TRUE,TRUE,TRUE,rs7592578,2:191439591,0.1055,0.1938,DBP,4.71E-19,TRUE,TRUE,TRUE
1,METTL21A-AC079767.3,rs55780018,2:208526140,28951623,0.4566,,SBP,2.73E-19,TRUE,TRUE,TRUE,rs3845811,2:208521512,0.8157,0.4339,SBP,1.88E-21,TRUE,TRUE,TRUE,,,,,,,,,
,FN1,rs1250247,2:216299629,27841878,0.2692,,PP,7.85E-31,TRUE,TRUE,TRUE,rs1250259,2:216300482,0.9229,0.2619,PP,8.61E-33,TRUE,TRUE,TRUE,,,,,,,,,
,FN1,rs1250259,2:216300482,28951623,0.2619,,PP,8.61E-33,TRUE,TRUE,TRUE,,,,,,,,,,,,,,,,,,
1,TNS1,rs1063281,2:218668732,"27841878, 28951623",0.3973,,DBP,1.21E-19,TRUE,TRUE,TRUE,rs2161967,2:218680529,0.8432,0.4279,SBP,2.87E-20,TRUE,TRUE,TRUE,,,,,,,,,
,2q36.3,rs2972146,2:227100698,27618447,0.3575,,SBP,6.53E-16,TRUE,TRUE,TRUE,rs2943648,2:227100490,0.9978,0.3584,SBP,2.61E-16,TRUE,TRUE,TRUE,,,,,,,,,
1,HRH1-ATG7,rs347591,3:11290122,23303523,0.3375,,SBP,2.87E-23,TRUE,TRUE,TRUE,rs346079,3:11328139,0.8543,0.3664,SBP,1.22E-24,TRUE,TRUE,TRUE,rs9848170,3:11495983,0.6721,0.403,SBP,7.01E-26,TRUE,TRUE,TRUE
,FGD5,rs11128722,3:14958126,27618452,0.4304,,SBP,1.93E-20,TRUE,TRUE,TRUE,rs34991912,3:14926351,0.8166,0.4223,SBP,3.98E-24,TRUE,TRUE,TRUE,rs1687295,3:14889756,0.2509,0.2704,DBP,2.99E-26,TRUE,TRUE,TRUE
1,SLC4A7,rs13082711,3:27537909,21909110,0.2393,,DBP,1.70E-18,TRUE,TRUE,TRUE,rs73046194,3:27454558,0.8507,0.2633,DBP,1.30E-20,TRUE,TRUE,TRUE,rs2643826,3:27562988,0.3861,0.4505,SBP,1.74E-48,TRUE,TRUE,TRUE
,ULK4,rs3774372,3:41877414,21909110,0.1648,,PP,1.86E-77,TRUE,TRUE,TRUE,rs9839213,3:41918992,0.9845,0.1701,PP,4.03E-81,TRUE,TRUE,TRUE,,,,,,,,,
,ULK4,rs9815354,3:41912651,27841878,0.1641,,PP,6.22E-79,TRUE,TRUE,TRUE,rs9839213,3:41918992,0.9858,0.1701,PP,4.03E-81,TRUE,TRUE,TRUE,,,,,,,,,
1,MAP4,rs319690,3:47927484,21909110,0.3035,,DBP,3.90E-27,TRUE,TRUE,TRUE,rs6442094,3:48079577,0.9258,0.3195,DBP,1.89E-33,TRUE,TRUE,TRUE,rs6442105,3:48182326,0.5074,0.3274,DBP,3.10E-41,TRUE,TRUE,TRUE
1,CDC25A,rs6797587,3:48197614,24954895,0.3285,,DBP,6.56E-38,TRUE,TRUE,TRUE,rs6442105,3:48182326,0.9425,0.3274,DBP,3.10E-41,TRUE,TRUE,TRUE,,,,,,,,,
,CAMKV-ACTBP13,rs36022378,3:49913705,28951623,0.2003,,DBP,8.60E-16,TRUE,TRUE,TRUE,,,,,,,,,,,,,,,,,,
,CACNA2D2,rs743757,3:50476378,28951623,0.1422,,DBP,1.27E-10,TRUE,TRUE,TRUE,rs12494849,3:50524558,0.9252,0.1454,DBP,2.35E-11,TRUE,TRUE,TRUE,rs2681779,3:50011021,0.1115,0.1855,DBP,5.16E-13,TRUE,TRUE,TRUE
1,STAB1,rs13303,3:52558008,In press,0.4369,,PP,1.75E-10,TRUE,TRUE,TRUE,rs9853056,3:52555957,0.9909,0.4369,PP,5.91E-11,TRUE,TRUE,TRUE,rs10433615,3:52638482,0.4891,0.3935,PP,3.40E-15,TRUE,TRUE,TRUE
,CACNA1D,rs9810888,3:53635595,27841878,0.4981,,DBP,4.38E-11,TRUE,TRUE,TRUE,rs3774472,3:53638200,0.8984,0.4944,DBP,1.92E-12,TRUE,TRUE,TRUE,rs2680663,3:53735299,0.2697,0.325,DBP,7.33E-22,TRUE,TRUE,TRUE
1,FAM208A,rs9827472,3:56726646,28951623,0.3649,,DBP,1.75E-13,TRUE,TRUE,TRUE,rs4681746,3:56733384,0.8048,0.3166,DBP,7.68E-15,TRUE,TRUE,TRUE,rs3772219,3:56771251,0.5173,0.3193,DBP,2.94E-21,TRUE,TRUE,TRUE
,ADAMTS9,rs918466,3:64710253,27618452,0.4092,,DBP,2.67E-15,TRUE,TRUE,TRUE,rs9870517,3:64708600,0.9886,0.4059,DBP,1.88E-16,TRUE,TRUE,TRUE,,,,,,,,,
1,C3orf38[539149]-EPHA3[711454],rs76217164,3:88738041,27841878,n/a,SNP: rare (no Locus coverage),n/a,n/a,n/a,n/a,n/a,,,,,,,,,,,,,,,,,,
,GATA2,rs62270945,3:128201889,"27841878, 28951623",0.0289,,PP,5.17E-16,TRUE,TRUE,TRUE,rs55914222,3:128202943,0.9437,0.0293,PP,2.77E-17,TRUE,TRUE,TRUE,,,,,,,,,
1,RYK,rs75305034,3:133886705,27841878,0.3372,,DBP,6.94E-23,TRUE,TRUE,TRUE,rs9883217,3:133976138,0.9369,0.3531,DBP,1.38E-23,TRUE,TRUE,TRUE,rs4077158,3:133942941,0.5712,0.4714,DBP,3.09E-26,TRUE,TRUE,TRUE
1,RYK,rs9859176,3:134000025,28951623,n/a,"SNP: notHRC, but Proxies GW-sig",n/a,n/a,n/a,n/a,n/a,rs9880098,3:133949366,0.9983,0.3946,SBP,1.59E-23,TRUE,TRUE,TRUE,rs4077158,3:133942941,0.5670,0.4714,DBP,3.09E-26,TRUE,TRUE,TRUE
,MRAS,rs2306374,3:138119952,28951623,0.162,,DBP,5.24E-14,TRUE,TRUE,TRUE,rs6807945,3:138052754,0.9370,0.1637,DBP,1.80E-15,TRUE,TRUE,TRUE,,,,,,,,,
1,ZBTB38,rs16851397,3:141134818,27618447,0.0469,,DBP,2.04E-21,TRUE,TRUE,TRUE,rs74734425,3:141096216,0.9834,0.0466,DBP,3.52E-22,TRUE,TRUE,TRUE,,,,,,,,,
,RP11-439C8.2,rs143112823,3:154707967,28951623,0.0876,,SBP,7.16E-14,TRUE,TRUE,TRUE,rs79539362,3:154680449,0.8981,0.1008,SBP,2.09E-15,TRUE,TRUE,TRUE,,,,,,,,,
1,SCARNA7[137466]-ARL14[26075],rs2178452,3:160370160,27841878,0.3396,,PP,2.74E-07,FALSE,TRUE,TRUE,rs62272219,3:160377754,0.9220,0.3585,PP,6.68E-08,FALSE,TRUE,TRUE,rs56213443,3:160309043,0.3574,0.4645,PP,1.06E-11,TRUE,TRUE,TRUE
,MIR1263,rs16833934,3:163737250,24954895,0.2686,,PP,3.46E-01,FALSE,FALSE,FALSE,rs73154439,3:163926835,0.8015,0.2286,PP,3.17E-01,FALSE,FALSE,FALSE,rs35831035,3:164081682,0.3987,0.2325,PP,9.50E-04,FALSE,FALSE,TRUE
1,MECOM,rs419076,3:169100886,21909110,0.4729,,DBP,2.66E-57,TRUE,TRUE,TRUE,rs1528293,3:169154511,0.8603,0.4921,DBP,1.48E-57,TRUE,TRUE,TRUE,,,,,,,,,
,SENP2,rs12374077,3:185317674,28951623,0.344,,DBP,8.05E-22,TRUE,TRUE,TRUE,rs6779368,3:185298868,0.9846,0.3423,DBP,2.28E-22,TRUE,TRUE,TRUE,,,,,,,,,
1,AFAP1,rs7437940,4:7887500,In press,0.4052,,PP,1.11E-06,FALSE,TRUE,TRUE,rs28734123,4:7888412,0.9998,0.4052,PP,9.61E-07,FALSE,TRUE,TRUE,rs4689163,4:7762356,0.1597,0.2401,PP,3.93E-07,FALSE,TRUE,TRUE
,TBC1D1-FLJ13197,rs2291435,4:38387395,27618452,0.4665,,SBP,5.31E-18,TRUE,TRUE,TRUE,rs2291434,4:38387244,1.0000,0.4665,SBP,5.10E-18,TRUE,TRUE,TRUE,,,,,,,,,
1,RBM47,rs35529250,4:40428091,27618447,n/a,SNP: rare (no Locus coverage),n/a,n/a,n/a,n/a,n/a,,,,,,,,,,,,,,,,,,
,CHIC2,rs871606,4:54799245,21909110,0.105,,PP,1.93E-55,TRUE,TRUE,TRUE,rs60991988,4:54801228,0.9902,0.1069,PP,1.44E-55,TRUE,TRUE,TRUE,,,,,,,,,
,LNX1-AS2[343183]-RPL21P44[51144],rs11725861,4:54802305,27841878,0.0567,,PP,9.51E-32,TRUE,TRUE,TRUE,rs60923733,4:54804037,0.9899,0.0561,PP,1.90E-32,TRUE,TRUE,TRUE,rs60991988,4:54801228,0.5077,0.1069,PP,1.44E-55,TRUE,TRUE,TRUE
1,FGF5,rs1458038,4:81164723,21909110,0.294,,DBP,5.46E-146,TRUE,TRUE,TRUE,rs12509595,4:81182554,0.9874,0.2924,DBP,1.58E-148,TRUE,TRUE,TRUE,,,,,,,,,
1,PRDM8[65685]-FGF5[27830],rs16998073,4:81184341,27841878,0.2914,,DBP,3.74E-146,TRUE,TRUE,TRUE,rs12509595,4:81182554,0.9941,0.2924,DBP,1.58E-148,TRUE,TRUE,TRUE,,,,,,,,,
,ARHGAP24,rs2014912,4:86715670,26390057,0.1528,,SBP,6.97E-30,TRUE,TRUE,TRUE,rs17010957,4:86719165,0.8132,0.1463,SBP,1.78E-35,TRUE,TRUE,TRUE,,,,,,,,,
1,SLC39A8,rs13107325,4:103188709,21909110,0.0742,,DBP,3.72E-88,TRUE,TRUE,TRUE,,,,,,,,,,,,,,,,,,
,NPNT[95146]-TBCK[325681],rs13112725,4:106911742,"27841878, 28951623",0.2369,,SBP,6.81E-31,TRUE,TRUE,TRUE,rs56388530,4:106910958,0.9983,0.2366,SBP,2.84E-31,TRUE,TRUE,TRUE,,,,,,,,,
1,ENPEP,rs6825911,4:111381638,21572416,0.2076,,DBP,6.94E-21,TRUE,TRUE,TRUE,rs1879056,4:111335604,0.9683,0.2039,DBP,6.19E-23,TRUE,TRUE,TRUE,,,,,,,,,
,PDE5A,rs66887589,4:120509279,"27841878, 28951623",0.4779,,DBP,1.83E-20,TRUE,TRUE,TRUE,,,,,,,,,,,,,,,,,,
1,GYPA[241499]-HHIP-AS1[295217],rs4292285,4:145271954,27841878,0.4021,,DBP,1.28E-09,TRUE,TRUE,TRUE,,,,,,,,,,,,,,,,,,
,GUCY1A3-GUCY1B3,rs13139571,4:156645513,21909115,0.2366,,DBP,2.29E-32,TRUE,TRUE,TRUE,,,,,,,,,,,,,,,,,,
1,PALLD,rs869396,4:169688000,27841878,0.4661,,PP,8.00E-27,TRUE,TRUE,TRUE,rs999958,4:169698873,0.9387,0.4828,PP,5.69E-27,TRUE,TRUE,TRUE,,,,,,,,,
1,PALLD,rs1566497,4:169717148,28951623,0.4138,,PP,1.88E-22,TRUE,TRUE,TRUE,rs869397,4:169688068,0.8733,0.4148,PP,2.00E-24,TRUE,TRUE,TRUE,rs999958,4:169698873,0.6292,0.4828,PP,5.69E-27,TRUE,TRUE,TRUE
,chr4mb174,rs17059668,4:174584663,28951623,0.0776,,PP,8.88E-08,FALSE,TRUE,TRUE,,,,,,,,,,,,,,,,,,
1,NPR3-C5orf23,rs1421811,5:32714270,22100073,0.3909,,SBP,4.57E-75,TRUE,TRUE,TRUE,,,,,,,,,,rs12656497,5:32831939,0.1343,0.4034,SBP,7.14E-96,TRUE,TRUE,TRUE
1,NPR3-C5orf23,rs1173771,5:32815028,21909110,0.3987,,SBP,5.92E-94,TRUE,TRUE,TRUE,rs12656497,5:32831939,0.9599,0.4034,SBP,7.14E-96,TRUE,TRUE,TRUE,,,,,,,,,
,POC5,rs10078021,5:75038431,28951623,0.3723,,DBP,3.15E-17,TRUE,TRUE,TRUE,rs7715806,5:75034387,0.9248,0.3721,DBP,2.19E-18,TRUE,TRUE,TRUE,rs2307111,5:75003678,0.7487,0.3966,DBP,1.62E-22,TRUE,TRUE,TRUE
,POC5[68695]-SV2C[582698],rs258494,5:75038718,27841878,0.371,,DBP,1.84E-15,TRUE,TRUE,TRUE,rs7715806,5:75034387,0.8449,0.3721,DBP,2.19E-18,TRUE,TRUE,TRUE,rs2307111,5:75003678,0.6850,0.3966,DBP,1.62E-22,TRUE,TRUE,TRUE
1,LHFPL2,rs10057188,5:77837789,"27841878, 28951623",0.4586,,PP,5.79E-18,TRUE,TRUE,TRUE,rs10076149,5:77874854,0.9841,0.4644,PP,2.89E-18,TRUE,TRUE,TRUE,,,,,,,,,
,TMEM161B,rs10059921,5:87514515,28951623,0.0825,,SBP,4.39E-13,TRUE,TRUE,TRUE,,,,,,,,,,rs6452769,5:87389027,0.2811,0.2053,SBP,7.82E-17,TRUE,TRUE,TRUE
1,GPR98[709523]-ARRDC3[115010],rs10474346,5:90564139,27841878,0.1227,,PP,4.64E-03,FALSE,FALSE,TRUE,,,,,,,,,,,,,,,,,,
,TRIM36,rs10077885,5:114390121,27618452,0.4916,,SBP,4.43E-17,TRUE,TRUE,TRUE,rs6894014,5:114393181,0.9961,0.4915,SBP,1.09E-19,TRUE,TRUE,TRUE,,,,,,,,,
1,PRDM6,rs1008058,5:122435627,27618447,0.1142,,SBP,1.29E-06,FALSE,TRUE,TRUE,,,,,,,,,,rs6890251,5:122486419,0.3709,0.1582,SBP,1.38E-26,TRUE,TRUE,TRUE
1,PRDM6,rs13359291,5:122476457,26390057,0.1573,,SBP,1.64E-25,TRUE,TRUE,TRUE,rs6890251,5:122486419,0.9854,0.1582,SBP,1.38E-26,TRUE,TRUE,TRUE,rs1644318,5:122471989,0.2835,0.3866,PP,3.92E-28,TRUE,TRUE,TRUE
1,CSNK1G3,rs4530754,5:122855416,27618448,0.4528,,PP,3.39E-11,TRUE,TRUE,TRUE,rs1500188,5:122827953,0.9633,0.4479,PP,8.04E-12,TRUE,TRUE,TRUE,rs1579036,5:122921103,0.3919,0.3235,DBP,7.90E-28,TRUE,TRUE,TRUE
1,CSNK1G3,rs6891344,5:123136656,27618452,0.1814,,DBP,8.98E-20,TRUE,TRUE,TRUE,rs17150778,5:123141745,0.9950,0.1816,DBP,1.58E-20,TRUE,TRUE,TRUE,rs57408535,5:122813029,0.1256,0.4814,DBP,3.08E-33,TRUE,TRUE,TRUE
,FBN2,rs6595838,5:127868199,"27841878, 28951623",0.2985,,SBP,1.54E-22,TRUE,TRUE,TRUE,rs6864831,5:127854758,0.9089,0.3161,SBP,1.24E-23,TRUE,TRUE,TRUE,rs6892983,5:127845030,0.6227,0.4032,DBP,9.45E-30,TRUE,TRUE,TRUE
1,C5orf56,rs2188962,5:131770805,27618448,0.4233,,DBP,5.04E-15,TRUE,TRUE,TRUE,rs2706336,5:131799961,0.9717,0.4219,DBP,6.56E-16,TRUE,TRUE,TRUE,rs736801,5:131833599,0.7681,0.3797,DBP,6.97E-18,TRUE,TRUE,TRUE
1,c5orf56,rs12521868,5:131784393,27618447,0.423,,DBP,1.83E-15,TRUE,TRUE,TRUE,rs2706336,5:131799961,0.9842,0.4219,DBP,6.56E-16,TRUE,TRUE,TRUE,rs736801,5:131833599,0.7748,0.3797,DBP,6.97E-18,TRUE,TRUE,TRUE
,"ABLIM3,SH3TC2",rs9687065,5:148391140,26390057,0.1898,,DBP,4.85E-23,TRUE,TRUE,TRUE,rs994446,5:148348395,0.8697,0.2083,DBP,6.01E-25,TRUE,TRUE,TRUE,,,,,,,,,
1,EBF1,rs11953630,5:157845402,21909115,0.3659,,SBP,1.55E-45,TRUE,TRUE,TRUE,rs11960210,5:157817634,0.8895,0.3755,SBP,1.25E-51,TRUE,TRUE,TRUE,,,,,,,,,
,CPEB4,rs72812846,5:173377636,"27841878, 28951623",0.2785,,DBP,2.15E-25,TRUE,TRUE,TRUE,rs55993676,5:173303392,0.8395,0.2916,DBP,3.82E-28,TRUE,TRUE,TRUE,,,,,,,,,
1,PHACTR1,rs9349379,6:12903957,27618447,0.4068,,PP,1.32E-36,TRUE,TRUE,TRUE,,,,,,,,,,,,,,,,,,
,CASC15,rs6911827,6:22130601,28951623,0.4577,,SBP,7.96E-15,TRUE,TRUE,TRUE,,,,,,,,,,rs1543310,6:22110418,0.7059,0.4578,DBP,7.31E-15,TRUE,TRUE,TRUE
1,HFE,rs1799945,6:26091179,21909115,0.1497,,DBP,3.88E-57,TRUE,TRUE,TRUE,rs198851,6:26104632,0.9987,0.1496,DBP,2.93E-57,TRUE,TRUE,TRUE,,,,,,,,,
,SNORD32B,rs926552,6:29548089,27618448,0.1331,,DBP,3.54E-20,TRUE,TRUE,TRUE,rs1233393,6:29549653,0.9002,0.1217,DBP,4.49E-23,TRUE,TRUE,TRUE,rs3129787,6:29048689,0.2513,0.2777,DBP,2.11E-27,TRUE,TRUE,TRUE
1,BAT2-BAT5,rs805303,6:31616366,21909115,0.3779,,DBP,7.60E-22,TRUE,TRUE,TRUE,rs2844465,6:31601022,0.9947,0.3798,SBP,5.67E-22,TRUE,TRUE,TRUE,rs2753960,6:31762844,0.2375,0.4199,SBP,2.66E-47,TRUE,TRUE,TRUE
1,MSH5-SAPCD1,rs409558,6:31708147,27618448,0.1502,,PP,2.28E-30,TRUE,TRUE,TRUE,rs4711277,6:31769684,0.8038,0.1273,PP,6.08E-32,TRUE,TRUE,TRUE,rs2753960,6:31762844,0.1037,0.4199,SBP,2.66E-47,TRUE,TRUE,TRUE
1,TNXB,rs2021783,6:32044851,27841878,n/a,rare SNP within HLA region,n/a,n/a,n/a,n/a,n/a,,,,,,,,,,,,,,,,,,
1,HLA-DQB1,rs2854275,6:32628428,24560520,n/a,"SNP N/A, but Proxies GW-sig",n/a,n/a,n/a,n/a,n/a,rs3129716,6:32657436,0.9962,0.1436,DBP,5.50E-39,TRUE,TRUE,TRUE,rs3132956,6:32179438,0.6094,0.1479,DBP,2.02E-39,TRUE,TRUE,TRUE
,SLC22A7,rs2270860,6:43270151,27618448,0.3006,,SBP,2.00E-23,TRUE,TRUE,TRUE,rs7742789,6:43345803,0.8691,0.2967,SBP,2.18E-25,TRUE,TRUE,TRUE,rs7763558,6:43349215,0.7482,0.3241,SBP,1.17E-25,TRUE,TRUE,TRUE
,CRIP3,rs10948071,6:43280713,24975945,0.3952,,SBP,9.55E-18,TRUE,TRUE,TRUE,rs6912283,6:43364494,0.8178,0.438,SBP,1.44E-19,TRUE,TRUE,TRUE,rs7763558,6:43349215,0.4514,0.3241,SBP,1.17E-25,TRUE,TRUE,TRUE
,"TTBK1,SLC22A7,ZNF318",rs1563788,6:43308363,26390057,0.2867,,SBP,2.36E-24,TRUE,TRUE,TRUE,rs7763558,6:43349215,0.8195,0.3241,SBP,1.17E-25,TRUE,TRUE,TRUE,,,,,,,,,
1,TFAP2D,rs78648104,6:50683009,28951623,0.0925,,SBP,2.37E-15,TRUE,TRUE,TRUE,,,,,,,,,,,,,,,,,,
,PKHD1,rs13205180,6:51832494,"27841878, 28951623",0.4886,,DBP,4.38E-23,TRUE,TRUE,TRUE,rs1114347,6:51834297,0.9251,0.4823,DBP,3.32E-25,TRUE,TRUE,TRUE,,,,,,,,,
1,COL21A1,rs200999181,6:55935568,27618447,n/a,"SNP: rare, but other GW-sig signal at Locus",n/a,n/a,n/a,n/a,n/a,,,,,,,,,,,,,,,,,,
1,COL21A1,rs1925153,6:56102780,27618448,0.4453,,PP,8.81E-20,TRUE,TRUE,TRUE,,,,,,,,,,rs12201429,6:55993585,0.1325,0.1382,PP,1.50E-36,TRUE,TRUE,TRUE
,PHIP,rs10943605,6:79655477,27618448,0.4882,,DBP,2.93E-23,TRUE,TRUE,TRUE,rs1984195,6:79657391,0.9966,0.4883,DBP,1.43E-23,TRUE,TRUE,TRUE,,,,,,,,,
1,FUT9[421561]-UFL1[117746],rs35410524,6:96885405,27841878,0.1885,,SBP,3.19E-18,TRUE,TRUE,TRUE,rs6921291,6:97066242,0.9424,0.1907,SBP,1.58E-20,TRUE,TRUE,TRUE,,,,,,,,,
,SLC35F1,rs9372498,6:118572486,28951623,0.0809,,DBP,1.13E-17,TRUE,TRUE,TRUE,rs1630266,6:118612943,0.9822,0.0812,DBP,6.25E-18,TRUE,TRUE,TRUE,,,,,,,,,
1,GJA1,rs11154027,6:121781390,28951623,0.461,,PP,4.47E-12,TRUE,TRUE,TRUE,rs7759673,6:121771621,0.9408,0.4567,PP,4.67E-13,TRUE,TRUE,TRUE,,,,,,,,,
,RSPO3,rs13209747,6:127115454,23972371,0.4409,,DBP,6.23E-67,TRUE,TRUE,TRUE,rs13215166,6:127164360,0.9700,0.4415,DBP,1.79E-70,TRUE,TRUE,TRUE,,,,,,,,,
1,TARID,rs76987554,6:134080855,28498854,n/a,SNP: rare (no Locus coverage),n/a,n/a,n/a,n/a,n/a,,,,,,,,,,,,,,,,,,
,PLEKHG1,rs17080102,6:151004770,23972371,0.0696,,DBP,3.91E-46,TRUE,TRUE,TRUE,rs62434124,6:150999751,0.9952,0.0711,DBP,7.83E-47,TRUE,TRUE,TRUE,,,,,,,,,
1,ESR1,rs13192976,6:152312415,27841878,0.1107,,PP,5.22E-45,TRUE,TRUE,TRUE,rs9340985,6:152341587,0.9619,0.1095,PP,4.20E-47,TRUE,TRUE,TRUE,,,,,,,,,
1,ESR1,rs36083386,6:152397912,28951623,n/a,"SNP: notHRC, but Proxies GW-sig",n/a,n/a,n/a,n/a,n/a,rs9340985,6:152341587,0.9437,0.1095,PP,4.20E-47,TRUE,TRUE,TRUE,,,,,,,,,
,FNDC1,rs449789,6:159699125,28951623,0.139,,PP,4.50E-36,TRUE,TRUE,TRUE,rs2102244,6:159724297,0.9963,0.1382,PP,4.18E-37,TRUE,TRUE,TRUE,,,,,,,,,
1,PDE10A,rs147212971,6:166178451,28951623,n/a,"SNP: notHRC, but Proxies GW-sig",n/a,n/a,n/a,n/a,n/a,rs11961593,6:166164137,0.9749,0.0685,DBP,1.49E-19,TRUE,TRUE,TRUE,,,,,,,,,
,SMOC2[745273]-THBS2[67034],rs1322639,6:169587103,"27841878, 28951623",0.2238,,PP,2.41E-33,TRUE,TRUE,TRUE,,,,,,,,,,rs9766666,6:169613541,0.6589,0.273,PP,1.08E-33,TRUE,TRUE,TRUE
1,CHST12-LFNG,rs2969070,7:2512545,27618452,0.3691,,DBP,1.76E-23,TRUE,TRUE,TRUE,rs2906152,7:2523003,0.8720,0.3696,DBP,5.55E-25,TRUE,TRUE,TRUE,,,,,,,,,
,HDAC9,rs2107595,7:19049388,26390057,0.1586,,PP,8.24E-56,TRUE,TRUE,TRUE,,,,,,,,,,,,,,,,,,
1,7p15.2,rs1055144,7:25871109,In press,0.1924,,PP,4.58E-09,TRUE,TRUE,TRUE,rs9987000,7:25883207,0.9747,0.198,PP,1.05E-09,TRUE,TRUE,TRUE,rs2122823,7:25939161,0.1606,0.2114,DBP,7.01E-15,TRUE,TRUE,TRUE
,HOXA3,rs6969780,7:27159136,27618448,0.0918,,SBP,1.88E-08,TRUE,TRUE,TRUE,rs11983200,7:27186596,0.9106,0.0973,SBP,7.20E-09,TRUE,TRUE,TRUE,rs7812039,7:27248891,0.1353,0.1867,SBP,1.52E-18,TRUE,TRUE,TRUE
,EVX1[54883]-HIBADH[365574],rs11564022,7:27337046,27841878,0.3724,,PP,4.27E-01,FALSE,FALSE,FALSE,rs2391414,7:27349963,0.8674,0.385,PP,1.40E-02,FALSE,FALSE,FALSE,rs12540271,7:27299606,0.1381,0.4769,SBP,3.82E-13,TRUE,TRUE,TRUE
,EVX1-HOXA,rs17428471,7:27337867,23972371,n/a,"SNP: notHRC, but Proxies GW-sig",n/a,n/a,n/a,n/a,n/a,rs17502232,7:27323604,0.9855,0.0808,SBP,1.52E-21,TRUE,TRUE,TRUE,rs17473424,7:27324369,0.7579,0.1039,SBP,1.25E-26,TRUE,TRUE,TRUE
1,CREB5,rs917275,7:28658522,27841878,0.3897,,PP,5.02E-19,TRUE,TRUE,TRUE,rs977184,7:28650761,0.8323,0.3741,PP,6.86E-20,TRUE,TRUE,TRUE,,,,,,,,,
,SUGCT,rs76206723,7:40447971,28951623,0.1068,,PP,1.27E-27,TRUE,TRUE,TRUE,rs17171710,7:40440233,0.9955,0.1064,PP,7.39E-28,TRUE,TRUE,TRUE,,,,,,,,,
1,IGFBP1-IGFBP3,rs11977526,7:46008110,25500260,0.4018,,PP,1.75E-92,TRUE,TRUE,TRUE,,,,,,,,,,,,,,,,,,
1,IGFBP3,rs10260816,7:46010100,26390057,0.4386,,PP,4.28E-92,TRUE,TRUE,TRUE,rs11977526,7:46008110,0.8554,0.4018,PP,1.75E-92,TRUE,TRUE,TRUE,,,,,,,,,
,CDK6,rs2282978,7:92264410,24560520,0.3323,,PP,3.46E-41,TRUE,TRUE,TRUE,rs42377,7:92243672,0.8764,0.3044,PP,2.42E-45,TRUE,TRUE,TRUE,,,,,,,,,
1,PIK3CG,rs17477177,7:106411858,21909110,0.204,,SBP,9.01E-86,TRUE,TRUE,TRUE,rs2392929,7:106414069,0.9723,0.2027,SBP,1.96E-87,TRUE,TRUE,TRUE,rs12536419,7:106419296,0.6737,0.1581,PP,6.35E-133,TRUE,TRUE,TRUE
,7q32.1,rs4728142,7:128573967,27618447,0.4439,,SBP,2.59E-09,TRUE,TRUE,TRUE,rs3757387,7:128576086,0.9048,0.4498,SBP,4.01E-10,TRUE,TRUE,TRUE,,,,,,,,,
1,ZC3HC1,rs11556924,7:129663496,27618452,0.3827,,DBP,1.83E-23,TRUE,TRUE,TRUE,,,,,,,,,,,,,,,,,,
,MKLN1,rs13238550,7:131059056,28951623,0.3964,,SBP,7.80E-17,TRUE,TRUE,TRUE,rs13244567,7:131160688,0.9951,0.3961,SBP,2.08E-17,TRUE,TRUE,TRUE,rs35680304,7:130973495,0.2208,0.407,PP,1.60E-18,TRUE,TRUE,TRUE
1,HIPK2,rs1011018,7:139463264,28951623,n/a,"SNP: notHRC, but Proxies GW-sig",n/a,n/a,n/a,n/a,n/a,rs141212865,7:139404666,0.9760,0.1946,SBP,7.68E-15,TRUE,TRUE,TRUE,,,,,,,,,
,NOS3,rs3918226,7:150690176,22100073,0.0813,,DBP,5.31E-77,TRUE,TRUE,TRUE,,,,,,,,,,,,,,,,,,
,NOS3,rs891511,7:150704843,27618448,0.3322,,DBP,2.11E-43,TRUE,TRUE,TRUE,,,,,,,,,,,,,,,,,,
1,PRKAG2,rs10224002,7:151415041,24560520,0.2859,,SBP,1.31E-27,TRUE,TRUE,TRUE,rs10224210,7:151413194,0.9510,0.2789,SBP,1.60E-29,TRUE,TRUE,TRUE,,,,,,,,,
,BLK-GATA4,rs2898290,8:11433909,21045733,0.4762,,SBP,1.08E-24,TRUE,TRUE,TRUE,rs4841567,8:11440019,0.9339,0.4728,SBP,1.35E-26,TRUE,TRUE,TRUE,rs7838131,8:11596163,0.4064,0.4331,SBP,2.28E-28,TRUE,TRUE,TRUE
,BLK-GATA4,rs4841569,8:11452177,24954895,0.4264,,SBP,3.91E-19,TRUE,TRUE,TRUE,rs35986297,8:11454015,0.8977,0.4002,SBP,2.04E-20,TRUE,TRUE,TRUE,rs7838131,8:11596163,0.2058,0.4331,SBP,2.28E-28,TRUE,TRUE,TRUE
1,EBF2,rs6557876,8:25900675,28739976,0.2503,,SBP,1.11E-32,TRUE,TRUE,TRUE,rs7821832,8:25889446,0.9453,0.2553,SBP,6.67E-34,TRUE,TRUE,TRUE,,,,,,,,,
,SLC20A2,rs2978456,8:42324765,28951623,0.4487,,PP,5.14E-17,TRUE,TRUE,TRUE,,,,,,,,,,,,,,,,,,
1,HNF4G[139678]-ZFHX4-AS1[1003630],rs1449544,8:76591880,27841878,0.4565,,PP,6.68E-21,TRUE,TRUE,TRUE,,,,,,,,,,,,,,,,,,
,CDH17,rs2446849,8:95103497,25500260,n/a,"SNP: notHRC, but Locus Bonf-sig",n/a,n/a,n/a,n/a,n/a,rs2513778,8:95115750,0.9188,0.0393,PP,1.32E-02,FALSE,FALSE,FALSE,rs4735263,8:95040203,0.2164,0.0225,PP,4.19E-06,FALSE,TRUE,TRUE
,PDP1[174382]-CDH17[116442],rs2513758,8:95104373,27841878,0.0372,,PP,4.55E-02,FALSE,FALSE,FALSE,rs2513778,8:95115750,0.9199,0.0393,PP,1.32E-02,FALSE,FALSE,FALSE,rs4735263,8:95040203,0.2161,0.0225,PP,4.19E-06,FALSE,TRUE,TRUE
1,SNX31,rs2978098,8:101676675,28951623,0.4535,,DBP,1.33E-18,TRUE,TRUE,TRUE,,,,,,,,,,,,,,,,,,
,LRP12/ZFPM2,rs35783704,8:105966258,28739976,0.1042,,SBP,8.81E-20,TRUE,TRUE,TRUE,,,,,,,,,,,,,,,,,,
1,NOV,rs2071518,8:120435812,21909110,0.2611,,PP,2.94E-86,TRUE,TRUE,TRUE,rs73713574,8:120441485,0.8004,0.2204,PP,8.94E-93,TRUE,TRUE,TRUE,rs7341594,8:120409477,0.7951,0.2203,PP,5.56E-93,TRUE,TRUE,TRUE
,ZFAT,rs894344,8:135612745,28951623,0.4074,,DBP,5.79E-13,TRUE,TRUE,TRUE,rs4909314,8:135623798,0.9531,0.3948,DBP,3.41E-14,TRUE,TRUE,TRUE,rs7012866,8:135616959,0.6161,0.4991,SBP,1.21E-14,TRUE,TRUE,TRUE
1,TRAPPC9,rs4631439,8:141059650,27841878,0.3687,,PP,3.75E-31,TRUE,TRUE,TRUE,rs4440615,8:141057641,0.9933,0.368,PP,8.22E-32,TRUE,TRUE,TRUE,,,,,,,,,
1,TRAPPC9,rs4454254,8:141060027,28951623,0.3688,,PP,2.65E-31,TRUE,TRUE,TRUE,rs4440615,8:141057641,0.9926,0.368,PP,8.22E-32,TRUE,TRUE,TRUE,,,,,,,,,
,GPR20,rs34591516,8:142367087,27618447,0.049,,DBP,2.26E-14,TRUE,TRUE,TRUE,rs60818561,8:142368160,0.9096,0.0524,DBP,1.43E-14,TRUE,TRUE,TRUE,,,,,,,,,
1,CYP11B2[68981]-LOC100133669[38852],rs62524579,8:144060955,"27841878, 28951623",0.4665,,DBP,1.08E-19,TRUE,TRUE,TRUE,rs3802230,8:143992864,0.8772,0.4554,DBP,2.75E-20,TRUE,TRUE,TRUE,,,,,,,,,
,MTAP,rs4364717,9:21801530,28951623,0.4525,,DBP,7.56E-09,TRUE,TRUE,TRUE,rs3900787,9:21828110,0.8253,0.4196,DBP,7.26E-09,TRUE,TRUE,TRUE,rs4615669,9:21818674,0.7550,0.4403,DBP,6.10E-11,TRUE,TRUE,TRUE
1,HRCT1,rs76452347,9:35906471,27618448,0.2053,,DBP,9.37E-23,TRUE,TRUE,TRUE,,,,,,,,,,,,,,,,,,
,FRMD3,rs115795127,9:85993901,28498854,n/a,SNP: from Africans (no Locus coverage),n/a,n/a,n/a,n/a,n/a,,,,,,,,,,,,,,,,,,
1,SVEP1,rs111245230,9:113169775,27618448,0.0346,,SBP,2.81E-19,TRUE,TRUE,TRUE,rs10980408,9:113249071,0.9712,0.0359,SBP,3.83E-20,TRUE,TRUE,TRUE,,,,,,,,,
,PSMD5,rs10760117,9:123586737,27618452,0.4157,,PP,1.89E-13,TRUE,TRUE,TRUE,rs34025993,9:123516572,0.9860,0.4141,PP,1.83E-14,TRUE,TRUE,TRUE,rs2241003,9:123666777,0.2977,0.367,PP,4.00E-16,TRUE,TRUE,TRUE
,PHF19,rs1953126,9:123640500,27618448,0.3535,,PP,4.34E-14,TRUE,TRUE,TRUE,rs2241003,9:123666777,0.9515,0.367,PP,4.00E-16,TRUE,TRUE,TRUE,,,,,,,,,
1,RABGAP1,rs10818775,9:125755571,27841878,0.1209,,PP,2.73E-18,TRUE,TRUE,TRUE,rs7854147,9:125863350,0.9780,0.1227,PP,8.16E-19,TRUE,TRUE,TRUE,,,,,,,,,
,SCAI,rs72765298,9:127900996,28951623,0.125,,PP,1.56E-27,TRUE,TRUE,TRUE,rs2416955,9:127934502,0.8693,0.1441,PP,1.28E-28,TRUE,TRUE,TRUE,rs142378207,9:127825168,0.7621,0.1311,PP,3.50E-30,TRUE,TRUE,TRUE
,PPP6C,rs139703184,9:127937746,27841878,0.1457,,PP,2.57E-27,TRUE,TRUE,TRUE,rs142378207,9:127825168,0.8749,0.1311,PP,3.50E-30,TRUE,TRUE,TRUE,,,,,,,,,
1,ABO,rs687621,9:136137065,28951623,0.3267,,DBP,5.30E-23,TRUE,TRUE,TRUE,rs554833,9:136147160,0.9831,0.3283,DBP,3.48E-23,TRUE,TRUE,TRUE,rs507666,9:136149399,0.4750,0.1872,DBP,2.27E-37,TRUE,TRUE,TRUE
1,DBH,rs6271,9:136522274,27618447,0.0737,,DBP,1.72E-34,TRUE,TRUE,TRUE,,,,,,,,,,,,,,,,,,
,CACNB2,rs4373814,10:18419972,27618452,0.4269,,DBP,1.28E-29,TRUE,TRUE,TRUE,rs10740993,10:18442482,0.8370,0.4385,DBP,3.83E-36,TRUE,TRUE,TRUE,,,,,,,,,
,CACNB2,rs1813353,10:18707448,21909115,0.337,,DBP,5.97E-61,TRUE,TRUE,TRUE,rs7091067,10:18711712,0.9887,0.3344,DBP,5.16E-61,TRUE,TRUE,TRUE,rs12258967,10:18727959,0.5890,0.2953,SBP,1.08E-78,TRUE,TRUE,TRUE
,CACNB2,rs11014166,10:18708798,21909110,0.3326,,DBP,1.76E-60,TRUE,TRUE,TRUE,rs7091067,10:18711712,0.9892,0.3344,DBP,5.16E-61,TRUE,TRUE,TRUE,rs12258967,10:18727959,0.5863,0.2953,SBP,1.08E-78,TRUE,TRUE,TRUE
1,KIAA1462,rs9337951,10:30317073,"27841878, 28951623",0.3415,,PP,4.24E-30,TRUE,TRUE,TRUE,,,,,,,,,,,,,,,,,,
,ZNF438[278997]-ZEB1-AS1[195463],rs11008355,10:31412561,27841878,0.2389,,PP,2.10E-09,TRUE,TRUE,TRUE,rs16932207,10:31410237,0.9862,0.2378,PP,8.07E-10,TRUE,TRUE,TRUE,rs3006576,10:31244928,0.2331,0.296,PP,9.05E-18,TRUE,TRUE,TRUE
1,ARHGAP12,rs10826995,10:32082658,28951623,0.2845,,PP,3.80E-13,TRUE,TRUE,TRUE,rs7905471,10:32094004,0.9318,0.2935,PP,1.70E-13,TRUE,TRUE,TRUE,rs211359,10:32316360,0.6772,0.2425,PP,3.35E-15,TRUE,TRUE,TRUE
,CXCL12[400570]-TMEM72[157563],rs2246438,10:45273079,27841878,0.2757,,DBP,7.81E-09,TRUE,TRUE,TRUE,,,,,,,,,,,,,,,,,,
1,C10orf107,rs4590817,10:63467553,21909110,0.167,,DBP,9.50E-72,TRUE,TRUE,TRUE,rs57946343,10:63499951,0.8644,0.1478,DBP,8.01E-84,TRUE,TRUE,TRUE,rs72831343,10:63515681,0.7722,0.1419,DBP,4.77E-88,TRUE,TRUE,TRUE
1,c10orf107,rs1530440,10:63524591,19430483,0.1877,,DBP,9.10E-69,TRUE,TRUE,TRUE,,,,,,,,,,rs72831343,10:63515681,0.6720,0.1419,DBP,4.77E-88,TRUE,TRUE,TRUE
,ADO,rs10995311,10:64564934,27618447,0.4414,,DBP,7.14E-31,TRUE,TRUE,TRUE,rs2236295,10:64564892,0.8448,0.3992,DBP,1.42E-31,TRUE,TRUE,TRUE,,,,,,,,,
1,CTNNA3,rs7914287,10:69350563,27841878,0.2201,,PP,2.81E-09,TRUE,TRUE,TRUE,rs10740278,10:69333065,0.9988,0.2178,PP,1.91E-09,TRUE,TRUE,TRUE,rs4746726,10:69820644,0.1849,0.3549,PP,4.02E-15,TRUE,TRUE,TRUE
,VCL,rs4746172,10:75855842,24560520,0.2636,,SBP,7.75E-07,FALSE,TRUE,TRUE,rs7910626,10:75961406,0.9371,0.3157,SBP,2.48E-09,TRUE,TRUE,TRUE,rs55947600,10:75797672,0.1752,0.4623,PP,4.10E-20,TRUE,TRUE,TRUE
1,PLCE1,rs932764,10:95895940,21909115,0.4311,,SBP,5.43E-45,TRUE,TRUE,TRUE,rs7070115,10:95900004,0.9894,0.4315,SBP,3.89E-46,TRUE,TRUE,TRUE,,,,,,,,,
,CYP2C19,rs4494250,10:96563757,27618448,0.3627,,DBP,3.06E-26,TRUE,TRUE,TRUE,rs2764378,10:96132106,0.8444,0.3727,DBP,3.30E-30,TRUE,TRUE,TRUE,rs77626543,10:96133084,0.3387,0.4114,DBP,6.58E-34,TRUE,TRUE,TRUE
1,PAX2,rs112184198,10:102604514,28951623,0.1047,,SBP,1.94E-40,TRUE,TRUE,TRUE,rs1006545,10:102553647,0.8371,0.1128,SBP,3.50E-46,TRUE,TRUE,TRUE,,,,,,,,,
,CYP17A1,rs1004467,10:104594507,27841878,0.0906,,SBP,6.62E-71,TRUE,TRUE,TRUE,rs11191580,10:104906211,0.8112,0.0824,SBP,7.74E-89,TRUE,TRUE,TRUE,,,,,,,,,
,CYP17A1-NT5C2,rs11191548,10:104846178,19430483,0.0812,,SBP,1.16E-87,TRUE,TRUE,TRUE,rs11191580,10:104906211,0.9698,0.0824,SBP,7.74E-89,TRUE,TRUE,TRUE,,,,,,,,,
1,OBFC1,rs4387287,10:105677897,27618447,0.1642,,DBP,1.77E-11,TRUE,TRUE,TRUE,rs9419958,10:105675946,0.8019,0.1359,DBP,1.60E-13,TRUE,TRUE,TRUE,rs911547,10:105639421,0.7050,0.1439,DBP,9.48E-16,TRUE,TRUE,TRUE
,TCF7L2,rs34872471,10:114754071,27841878,0.2924,,PP,4.16E-19,TRUE,TRUE,TRUE,rs7903146,10:114758349,0.9902,0.2911,PP,2.88E-19,TRUE,TRUE,TRUE,rs10885409,10:114808072,0.4460,0.4675,PP,5.17E-20,TRUE,TRUE,TRUE
1,ADRB1,rs2782980,10:115781527,21909110,0.2832,,DBP,3.25E-53,TRUE,TRUE,TRUE,,,,,,,,,,rs2484294,10:115792062,0.3265,0.2673,DBP,1.17E-58,TRUE,TRUE,TRUE
1,ADRB1,rs1801253,10:115805056,21444836,0.2655,,DBP,1.57E-58,TRUE,TRUE,TRUE,rs2484294,10:115792062,0.9881,0.2673,DBP,1.17E-58,TRUE,TRUE,TRUE,,,,,,,,,
,CRACR2B,rs7126805,11:828916,28951623,0.2725,,PP,1.62E-10,TRUE,TRUE,TRUE,rs28648546,11:833327,0.8530,0.2471,PP,1.40E-10,TRUE,TRUE,TRUE,rs72844798,11:809666,0.1456,0.2131,PP,7.10E-14,TRUE,TRUE,TRUE
1,LSP1-TNNT3,rs661348,11:1905292,22100073,0.4253,,SBP,5.23E-45,TRUE,TRUE,TRUE,,,,,,,,,,rs569550,11:1887068,0.5300,0.3963,SBP,1.33E-73,TRUE,TRUE,TRUE
1,H19,rs217727,11:2016908,24560520,0.1867,,SBP,2.96E-29,TRUE,TRUE,TRUE,rs12806111,11:2008366,0.9462,0.2022,SBP,2.05E-33,TRUE,TRUE,TRUE,rs569550,11:1887068,0.1701,0.3963,SBP,1.33E-73,TRUE,TRUE,TRUE
,LMO1,rs110419,11:8252853,27618447,0.4781,,DBP,6.16E-11,TRUE,TRUE,TRUE,rs4315061,11:8247020,0.8776,0.4958,DBP,2.24E-12,TRUE,TRUE,TRUE,,,,,,,,,
1,ADM,rs7129220,11:10350538,21909115,0.1192,,SBP,2.96E-26,TRUE,TRUE,TRUE,rs61877263,11:10180637,0.8957,0.123,SBP,1.91E-28,TRUE,TRUE,TRUE,rs10840378,11:10273128,0.5462,0.1884,DBP,3.33E-36,TRUE,TRUE,TRUE
,ARNTL,rs900145,11:13293905,27618448,0.2962,,DBP,2.62E-15,TRUE,TRUE,TRUE,rs10832013,11:13295353,0.9566,0.306,DBP,4.51E-16,TRUE,TRUE,TRUE,,,,,,,,,
1,SOX6,rs1401454,11:16250183,23972371,0.3934,,SBP,3.65E-26,TRUE,TRUE,TRUE,rs1519125,11:16244588,0.9998,0.3934,SBP,1.92E-26,TRUE,TRUE,TRUE,rs10832586,11:16304089,0.3567,0.2016,DBP,2.53E-46,TRUE,TRUE,TRUE
1,SOX6,rs4757391,11:16302939,27841878,0.2023,,DBP,1.69E-45,TRUE,TRUE,TRUE,rs10832586,11:16304089,0.9947,0.2016,DBP,2.53E-46,TRUE,TRUE,TRUE,,,,,,,,,
1,SOX6,rs2014408,11:16365282,22100073,0.2092,,DBP,1.85E-45,TRUE,TRUE,TRUE,rs10832586,11:16304089,0.9464,0.2016,DBP,2.53E-46,TRUE,TRUE,TRUE,,,,,,,,,
,PLEKHA7,rs381815,11:16902268,19430479,0.2754,,DBP,4.00E-19,TRUE,TRUE,TRUE,rs7926335,11:16917869,0.9291,0.2699,DBP,2.05E-20,TRUE,TRUE,TRUE,,,,,,,,,
,NUCB2,rs757081,11:17351683,24560520,0.3345,,SBP,7.72E-27,TRUE,TRUE,TRUE,,,,,,,,,,rs12146652,11:17384542,0.6115,0.3852,SBP,9.00E-31,TRUE,TRUE,TRUE
,KCNJ11,rs5219,11:17409572,27618448,0.3657,,SBP,9.18E-29,TRUE,TRUE,TRUE,rs12146652,11:17384542,0.8547,0.3852,SBP,9.00E-31,TRUE,TRUE,TRUE,,,,,,,,,
1,BDNF,rs11030119,11:27728102,"27841878, 28951623",0.302,,DBP,7.31E-19,TRUE,TRUE,TRUE,rs962369,11:27734420,0.9970,0.3013,DBP,6.02E-19,TRUE,TRUE,TRUE,,,,,,,,,
,PRDM11,rs11442819,11:45208141,28951623,n/a,"SNP: notHRC, but Proxies GW-sig",n/a,n/a,n/a,n/a,n/a,rs4755947,11:45243463,0.8803,0.1233,PP,2.75E-16,TRUE,TRUE,TRUE,rs714215,11:45246869,0.2844,0.2995,PP,1.16E-23,TRUE,TRUE,TRUE
1,"RAPSN, PSMC3, SLC39A13",rs7103648,11:47461783,27618452,0.387,,DBP,7.18E-40,TRUE,TRUE,TRUE,rs10838702,11:47410888,0.9850,0.3875,DBP,1.27E-40,TRUE,TRUE,TRUE,rs7107356,11:47676170,0.4151,0.4959,SBP,1.63E-52,TRUE,TRUE,TRUE
1,PTPMT1,rs11537751,11:47587452,27618448,0.0548,,SBP,6.30E-11,TRUE,TRUE,TRUE,rs145224448,11:47790397,0.9621,0.0564,SBP,5.65E-12,TRUE,TRUE,TRUE,rs11606287,11:47407439,0.1010,0.3638,DBP,1.23E-38,TRUE,TRUE,TRUE
,OR4A47[413412]-TRIM51GP[79491],rs61448762,11:48923756,27841878,n/a,"SNP N/A, but Proxies GW-sig",n/a,n/a,n/a,n/a,n/a,rs9667596,11:48691193,0.8984,0.1406,SBP,3.12E-29,TRUE,TRUE,TRUE,,,,,,,,,
1,OR5B12,rs11229457,11:58207203,27618447,0.213,,SBP,8.45E-18,TRUE,TRUE,TRUE,rs2276153,11:58407740,0.8373,0.243,SBP,6.56E-21,TRUE,TRUE,TRUE,,,,,,,,,
,LRRC10B,rs751984,11:61278246,27618452,0.1174,,DBP,1.38E-46,TRUE,TRUE,TRUE,,,,,,,,,,,,,,,,,,
1,EHBP1L1,rs4601790,11:65353906,24954895,0.2703,,DBP,1.23E-13,TRUE,TRUE,TRUE,rs10896018,11:65351074,0.8534,0.2877,DBP,2.87E-17,TRUE,TRUE,TRUE,rs2306363,11:65405600,0.3705,0.2048,DBP,1.63E-34,TRUE,TRUE,TRUE
1,SIPA1,rs3741378,11:65408937,24560520,0.1352,,SBP,4.83E-20,TRUE,TRUE,TRUE,rs2236683,11:65484719,0.9442,0.129,SBP,1.26E-20,TRUE,TRUE,TRUE,rs2306363,11:65405600,0.6030,0.2048,DBP,1.63E-34,TRUE,TRUE,TRUE
,MYEOV,rs67330701,11:69079707,28951623,0.0933,,DBP,3.22E-18,TRUE,TRUE,TRUE,,,,,,,,,,rs11605229,11:69075538,0.3563,0.1072,DBP,2.40E-18,TRUE,TRUE,TRUE
1,PRKRIR[64327]-C11orf30[137259],rs7927515,11:76125330,27841878,0.3459,,SBP,1.05E-12,TRUE,TRUE,TRUE,,,,,,,,,,,,,,,,,,
,NOX4,rs2289125,11:89224453,"27841878, 28951623",0.2202,,PP,1.82E-51,TRUE,TRUE,TRUE,,,,,,,,,,,,,,,,,,
1,FLJ32810-TMEM133,rs633185,11:100593538,21909115,0.2867,,DBP,2.29E-85,TRUE,TRUE,TRUE,rs604723,11:100610546,0.9565,0.2753,DBP,2.32E-87,TRUE,TRUE,TRUE,,,,,,,,,
,CEP164,rs1261744,11:117218460,27841878,0.1956,,PP,7.48E-16,TRUE,TRUE,TRUE,rs12418678,11:117232260,0.9956,0.1942,PP,9.96E-17,TRUE,TRUE,TRUE,rs573455,11:117267884,0.2812,0.4614,PP,2.37E-34,TRUE,TRUE,TRUE
,CEP164,rs8258,11:117283676,28951623,0.3742,,PP,9.42E-26,TRUE,TRUE,TRUE,rs693147,11:117266754,0.9413,0.3752,PP,2.72E-28,TRUE,TRUE,TRUE,rs573455,11:117267884,0.6475,0.4614,PP,2.37E-34,TRUE,TRUE,TRUE
1,ADAMTS8,rs11222084,11:130273230,21909110,0.3626,,PP,5.19E-119,TRUE,TRUE,TRUE,,,,,,,,,,,,,,,,,,
,PDE3A,rs12579720,12:20173764,26390057,0.2435,,DBP,3.46E-45,TRUE,TRUE,TRUE,rs4306343,12:20190630,0.8320,0.2788,DBP,8.22E-61,TRUE,TRUE,TRUE,,,,,,,,,
1,SSPN,rs6487543,12:26438189,28951623,0.2295,,DBP,4.21E-10,TRUE,TRUE,TRUE,,,,,,,,,,rs6487542,12:26435223,0.7356,0.1784,DBP,8.30E-12,TRUE,TRUE,TRUE
,PRKAG1,rs1126930,12:49399132,27618447,0.035,,SBP,9.48E-14,TRUE,TRUE,TRUE,,,,,,,,,,rs150857355,12:49209340,0.1939,0.0217,SBP,5.20E-17,TRUE,TRUE,TRUE
1,FAM186B,rs7977389,12:49981722,27841878,0.106,,PP,1.70E-08,TRUE,TRUE,TRUE,rs11834380,12:50080878,0.8909,0.0966,PP,1.04E-09,TRUE,TRUE,TRUE,rs117945311,12:50015907,0.1722,0.0202,PP,4.78E-11,TRUE,TRUE,TRUE
,CERS5,rs7302981,12:50537815,27618447,0.3783,,DBP,1.69E-50,TRUE,TRUE,TRUE,rs7967705,12:50511408,0.9825,0.3804,DBP,1.54E-51,TRUE,TRUE,TRUE,,,,,,,,,
1,LOC283335,rs73099903,12:53440779,28739976,0.0824,,SBP,3.43E-17,TRUE,TRUE,TRUE,rs7315980,12:53449321,0.9835,0.0825,SBP,7.35E-18,TRUE,TRUE,TRUE,,,,,,,,,
,HOXC4,rs7297416,12:54443090,24560520,0.3045,,SBP,2.90E-30,TRUE,TRUE,TRUE,rs7134677,12:54441498,0.9943,0.2978,SBP,4.46E-31,TRUE,TRUE,TRUE,,,,,,,,,
1,SARNP,rs143118162,12:56154968,27841878,n/a,SNP: rare (no Locus coverage),n/a,n/a,n/a,n/a,n/a,,,,,,,,,,,,,,,,,,
,LLPH/TMBIM4,rs113866309,12:66516948,28498854,n/a,SNP: from Africans (no Locus coverage),n/a,n/a,n/a,n/a,n/a,,,,,,,,,,,,,,,,,,
1,ATP2B1,rs2681492,12:90013089,27841878,0.1694,,SBP,1.66E-95,TRUE,TRUE,TRUE,rs17249754,12:90060586,0.9910,0.1683,SBP,1.25E-97,TRUE,TRUE,TRUE,,,,,,,,,
1,ATP2B1,rs17249754,12:90060586,19396169,0.1683,,SBP,1.25E-97,TRUE,TRUE,TRUE,,,,,,,,,,,,,,,,,,
,CCDC41,rs139236208,12:94880742,28951623,0.0975,,PP,6.50E-18,TRUE,TRUE,TRUE,rs140276234,12:94844140,0.8576,0.0805,PP,3.60E-23,TRUE,TRUE,TRUE,rs114697502,12:94677559,0.7720,0.0807,PP,5.83E-24,TRUE,TRUE,TRUE
,LOC144486[29127]-MIR5700[72730],rs76785029,12:94882905,27841878,0.0789,,PP,1.57E-18,TRUE,TRUE,TRUE,rs140276234,12:94844140,0.8468,0.0805,PP,3.60E-23,TRUE,TRUE,TRUE,rs114697502,12:94677559,0.7677,0.0807,PP,5.83E-24,TRUE,TRUE,TRUE
1,SH2B3,rs3184504,12:111884608,19430479,0.4808,,DBP,8.04E-180,TRUE,TRUE,TRUE,rs7137828,12:111932800,0.9937,0.4817,DBP,4.80E-180,TRUE,TRUE,TRUE,,,,,,,,,
1,RPL6-ALDH1,rs11066280,12:112817783,21572416,n/a,"SNP: rare, but other GW-sig signal at Locus",n/a,n/a,n/a,n/a,n/a,,,,,,,,,,,,,,,,,,
,TBX5-TBX3,rs2384550,12:115352731,19430479,0.3485,,SBP,1.80E-17,TRUE,TRUE,TRUE,rs6489992,12:115352769,0.9215,0.3689,SBP,1.09E-19,TRUE,TRUE,TRUE,rs7964325,12:115368787,0.6851,0.2991,SBP,2.89E-26,TRUE,TRUE,TRUE
,TBX5-TBX3,rs10850411,12:115387796,21909115,0.3034,,DBP,6.24E-21,TRUE,TRUE,TRUE,,,,,,,,,,rs7964325,12:115368787,0.5372,0.2991,SBP,2.89E-26,TRUE,TRUE,TRUE
,TBX5-TBX3,rs35444,12:115552437,21572416,0.3859,,DBP,1.91E-50,TRUE,TRUE,TRUE,rs35443,12:115552878,0.9987,0.3858,DBP,1.20E-50,TRUE,TRUE,TRUE,,,,,,,,,
1,TBX3[1090283]-MIR620[388118],rs11067763,12:116198341,27841878,0.1014,,DBP,4.43E-14,TRUE,TRUE,TRUE,rs6490036,12:116204658,0.9911,0.1012,DBP,3.86E-14,TRUE,TRUE,TRUE,,,,,,,,,
,SBNO1,rs1060105,12:123806219,27618447,0.2031,,DBP,2.11E-18,TRUE,TRUE,TRUE,rs1727311,12:123660716,0.9062,0.1996,DBP,3.96E-20,TRUE,TRUE,TRUE,,,,,,,,,
1,SLC7A1,rs63418562,13:30146201,27841878,0.2435,,SBP,6.34E-24,TRUE,TRUE,TRUE,,,,,,,,,,,,,,,,,,
,MCF2L,rs3011549,13:113634937,27841878,0.2691,,SBP,7.07E-14,TRUE,TRUE,TRUE,rs1317507,13:113631780,0.8349,0.2584,SBP,2.26E-15,TRUE,TRUE,TRUE,rs9549328,13:113636156,0.5804,0.2304,PP,1.77E-18,TRUE,TRUE,TRUE
,MCF2L,rs9549328,13:113636156,28951623,0.2304,,PP,1.77E-18,TRUE,TRUE,TRUE,,,,,,,,,,,,,,,,,,
1,MYH6,rs452036,14:23865885,27618447,0.355,,PP,1.96E-45,TRUE,TRUE,TRUE,rs365990,14:23861811,0.9412,0.3663,PP,1.75E-47,TRUE,TRUE,TRUE,,,,,,,,,
,NFKBIA,rs8904,14:35871217,"27841878, 28739976",0.3677,,PP,7.72E-23,TRUE,TRUE,TRUE,rs696,14:35871093,0.9965,0.3683,PP,7.48E-23,TRUE,TRUE,TRUE,,,,,,,,,
1,FERMT2,rs9888615,14:53377540,28951623,0.291,,SBP,1.46E-16,TRUE,TRUE,TRUE,rs7161281,14:53350479,0.9766,0.2891,SBP,2.34E-17,TRUE,TRUE,TRUE,rs12147852,14:53361875,0.1340,0.2481,SBP,1.08E-19,TRUE,TRUE,TRUE
,PPP2R5E,rs8016306,14:63928546,28951623,0.2042,,SBP,3.69E-07,FALSE,TRUE,TRUE,rs12434321,14:63943769,0.9624,0.1993,SBP,1.14E-07,FALSE,TRUE,TRUE,,,,,,,,,
1,FBLN5,rs2244643,14:92359022,27841878,0.3235,,PP,5.21E-08,FALSE,TRUE,TRUE,rs2244642,14:92359066,0.9193,0.2969,PP,3.55E-10,TRUE,TRUE,TRUE,rs8023114,14:92391955,0.1475,0.3617,PP,5.08E-13,TRUE,TRUE,TRUE
,RP11-61O1.1,rs9323988,14:98587630,28951623,0.3849,,PP,3.42E-21,TRUE,TRUE,TRUE,rs7154431,14:98590709,0.9978,0.3855,PP,1.77E-21,TRUE,TRUE,TRUE,,,,,,,,,
1,CYP46A1[74390]-EML1[183251],rs1475130,14:100225144,27841878,0.3458,,PP,1.89E-17,TRUE,TRUE,TRUE,rs11160546,14:100233353,0.9352,0.3399,PP,6.74E-19,TRUE,TRUE,TRUE,,,,,,,,,
,FBN1,rs1036477,15:48914926,24560520,0.103,,PP,1.77E-45,TRUE,TRUE,TRUE,rs2015637,15:48716853,0.8502,0.0996,PP,8.89E-48,TRUE,TRUE,TRUE,,,,,,,,,
1,C2CD4B[352803]-MGC15885[128841],rs956006,15:62808539,27841878,0.3305,,PP,1.84E-13,TRUE,TRUE,TRUE,,,,,,,,,,rs17271730,15:62757722,0.3384,0.3628,PP,2.13E-14,TRUE,TRUE,TRUE
,RP11-321F6.1,rs7178615,15:66869072,28951623,0.3756,,DBP,2.90E-14,TRUE,TRUE,TRUE,rs61608816,15:66864975,0.8315,0.3372,DBP,1.11E-15,TRUE,TRUE,TRUE,,,,,,,,,
1,CYP1A1-ULK3,rs1378942,15:75077367,19430483,0.3312,,DBP,6.03E-98,TRUE,TRUE,TRUE,rs11636952,15:75114322,0.8514,0.3131,DBP,5.21E-99,TRUE,TRUE,TRUE,,,,,,,,,
1,CPLX3[6695]-ULK3[9907],rs6495122,15:75125645,27841878,0.4177,,DBP,2.39E-70,TRUE,TRUE,TRUE,rs12917376,15:75116167,0.9397,0.4145,DBP,5.27E-74,TRUE,TRUE,TRUE,rs11636952,15:75114322,0.6124,0.3131,DBP,5.21E-99,TRUE,TRUE,TRUE
,ADAMTS7,rs62012628,15:79070000,28951623,0.2897,,DBP,1.19E-18,TRUE,TRUE,TRUE,rs57708073,15:79066653,0.8630,0.2608,DBP,4.73E-19,TRUE,TRUE,TRUE,rs61157089,15:79155412,0.1771,0.1511,PP,2.24E-19,TRUE,TRUE,TRUE
,ADAMTS7[105439]-MORF4L1[33098],rs62011052,15:79156983,27841878,0.1507,,PP,3.39E-19,TRUE,TRUE,TRUE,rs61157089,15:79155412,1.0000,0.1511,PP,2.24E-19,TRUE,TRUE,TRUE,,,,,,,,,
1,ABHD17C,rs35199222,15:81013037,28951623,0.4422,,SBP,2.52E-25,TRUE,TRUE,TRUE,rs2627316,15:81042816,0.8948,0.4694,SBP,2.79E-28,TRUE,TRUE,TRUE,,,,,,,,,
1,FAM108C1,rs2759308,15:81016227,27841878,0.4749,,SBP,1.89E-25,TRUE,TRUE,TRUE,rs2627316,15:81042816,0.9467,0.4694,SBP,2.79E-28,TRUE,TRUE,TRUE,,,,,,,,,
,TM6SF1,rs2034618,15:83799632,27841878,0.2224,,DBP,3.36E-08,TRUE,TRUE,TRUE,rs11259905,15:83949751,0.8776,0.2054,DBP,1.29E-09,TRUE,TRUE,TRUE,,,,,,,,,
1,FURIN-FES,rs2521501,15:91437388,21909110,0.3253,,DBP,1.84E-83,TRUE,TRUE,TRUE,rs4932373,15:91429287,0.9668,0.3257,DBP,7.71E-84,TRUE,TRUE,TRUE,,,,,,,,,
,MCTP2[412908]-LOC400456[558258];chr15mb95,rs12906962,15:95312071,"27841878, 28951623",0.3233,,DBP,8.73E-37,TRUE,TRUE,TRUE,,,,,,,,,,,,,,,,,,
1,PPL,rs12921187,16:4943019,28951623,0.4283,,DBP,1.65E-23,TRUE,TRUE,TRUE,rs12446456,16:4922201,0.9535,0.4273,DBP,3.99E-25,TRUE,TRUE,TRUE,,,,,,,,,
1,PPL,rs12596053,16:4946794,27841878,0.4293,,DBP,1.93E-23,TRUE,TRUE,TRUE,rs12446456,16:4922201,0.9471,0.4273,DBP,3.99E-25,TRUE,TRUE,TRUE,,,,,,,,,
,UMOD,rs13333226,16:20365654,21082022,0.1841,,DBP,2.94E-40,TRUE,TRUE,TRUE,rs9928003,16:20358248,0.9764,0.1795,DBP,2.64E-42,TRUE,TRUE,TRUE,rs77924615,16:20392332,0.3694,0.1982,DBP,3.72E-45,TRUE,TRUE,TRUE
1,TNRC6A,rs11639856,16:24788645,27618448,0.1934,,PP,2.65E-18,TRUE,TRUE,TRUE,rs200528,16:24759131,0.9915,0.1931,PP,6.38E-19,TRUE,TRUE,TRUE,,,,,,,,,
,FBXL19,rs72799341,16:30936743,"27841878, 28951623",0.2398,,DBP,4.92E-15,TRUE,TRUE,TRUE,rs80095680,16:30902353,0.8075,0.2633,DBP,2.81E-15,TRUE,TRUE,TRUE,,,,,,,,,
1,NFAT5,rs33063,16:69640217,24560520,0.1479,,PP,8.43E-27,TRUE,TRUE,TRUE,,,,,,,,,,rs12149704,16:69789516,0.3606,0.063,PP,5.46E-58,TRUE,TRUE,TRUE
,VAC14,rs117006983,16:70755610,28951623,n/a,"SNP: lowFreq, but Locus GW-sig",n/a,n/a,n/a,n/a,n/a,,,,,,,,,,rs62047964,16:70729954,0.1039,0.0619,PP,1.06E-44,TRUE,TRUE,TRUE
1,CFDP1,rs11643209,16:75331044,28951623,0.4923,,PP,1.43E-25,TRUE,TRUE,TRUE,rs1010630,16:75328591,0.8100,0.4168,PP,2.84E-30,TRUE,TRUE,TRUE,rs4888408,16:75432824,0.7634,0.4146,PP,1.01E-32,TRUE,TRUE,TRUE
1,CFDP1,rs35261357,16:75444572,27841878,0.4151,,PP,1.01E-30,TRUE,TRUE,TRUE,rs4888408,16:75432824,0.9985,0.4146,PP,1.01E-32,TRUE,TRUE,TRUE,,,,,,,,,
,CMIP,rs8059962,16:81574197,28951623,0.4208,,DBP,3.38E-15,TRUE,TRUE,TRUE,,,,,,,,,,rs12929303,16:81602264,0.2881,0.4675,DBP,1.58E-19,TRUE,TRUE,TRUE
1,CDH13,rs7500448,16:83045790,"27841878, 28951623",0.2536,,PP,3.62E-51,TRUE,TRUE,TRUE,,,,,,,,,,,,,,,,,,
,DPEP1,rs1126464,16:89704365,27618447-27618440,0.2428,,DBP,1.89E-23,TRUE,TRUE,TRUE,,,,,,,,,,rs908951,16:89697625,0.2161,0.437,DBP,7.73E-28,TRUE,TRUE,TRUE
1,CRK,rs12941318,17:1333598,28951623,0.4955,,PP,1.60E-16,TRUE,TRUE,TRUE,rs34457140,17:1353920,0.9859,0.4955,PP,8.26E-17,TRUE,TRUE,TRUE,rs11650511,17:1337960,0.7544,0.4377,PP,4.15E-17,TRUE,TRUE,TRUE
,PITPNM3[119246]-KIAA0753[70419],rs7226020,17:6473828,"27841878, 28951623",n/a,"SNP: notHRC, but Proxies GW-sig",n/a,n/a,n/a,n/a,n/a,rs4796514,17:6475090,0.8972,0.3914,PP,4.11E-28,TRUE,TRUE,TRUE,,,,,,,,,
1,TP53;TP53-SLC2A4,rs78378222,17:7571752,"27841878, 28951623",0.0139,,PP,1.28E-28,TRUE,TRUE,TRUE,,,,,,,,,,,,,,,,,,
,KCNH4-HSD17B1,rs79089478,17:40317241,28951623,0.0274,,PP,2.38E-09,TRUE,TRUE,TRUE,rs145514085,17:40360891,0.9437,0.0265,PP,1.31E-09,TRUE,TRUE,TRUE,rs117787934,17:40769659,0.3643,0.0191,PP,4.73E-10,TRUE,TRUE,TRUE
1,PYY,rs62080325,17:42060631,28951623,0.3324,,PP,8.08E-08,FALSE,TRUE,TRUE,,,,,,,,,,rs150055076,17:42009211,0.3606,0.1771,PP,5.31E-11,TRUE,TRUE,TRUE
,PLCD3,rs12946454,17:43208121,19430483,0.2652,,SBP,1.01E-33,TRUE,TRUE,TRUE,,,,,,,,,,rs7213273,17:43155914,0.3874,0.345,SBP,6.24E-37,TRUE,TRUE,TRUE
1,KANSL1,rs115231027,17:44199290,27841878,0.1779,,PP,1.03E-13,TRUE,TRUE,TRUE,17:44230598_G_A,17:44230598,0.9978,0.1777,PP,2.34E-14,TRUE,TRUE,TRUE,rs2664008,17:43883103,0.3665,0.1059,PP,5.40E-15,TRUE,TRUE,TRUE
,GOSR2,rs17608766,17:45013271,21909110,0.1443,,PP,2.12E-71,TRUE,TRUE,TRUE,,,,,,,,,,,,,,,,,,
1,HOXB7,rs7406910,17:46688256,27618447,0.0884,,SBP,3.39E-16,TRUE,TRUE,TRUE,,,,,,,,,,,,,,,,,,
,ZNF652,rs12940887,17:47402807,21909110,0.3666,,DBP,9.63E-37,TRUE,TRUE,TRUE,rs9889262,17:47398070,1.0000,0.3666,DBP,7.11E-37,TRUE,TRUE,TRUE,,,,,,,,,
,ZNF652[73899]-PHB[51776],rs16948048,17:47440466,27841878,0.3718,,DBP,2.98E-33,TRUE,TRUE,TRUE,rs9889262,17:47398070,0.9674,0.3666,DBP,7.11E-37,TRUE,TRUE,TRUE,,,,,,,,,
1,VMP1,rs2645466,17:57853214,27841878,0.2953,,PP,1.32E-09,TRUE,TRUE,TRUE,rs2453913,17:57860150,0.9827,0.2941,PP,2.99E-10,TRUE,TRUE,TRUE,rs2645490,17:57878509,0.7016,0.2281,PP,1.51E-10,TRUE,TRUE,TRUE
,TBX2,rs8068318,17:59483766,27618447-27618440,0.2688,,SBP,4.14E-32,TRUE,TRUE,TRUE,rs1000423,17:59475642,0.9873,0.2684,SBP,6.50E-33,TRUE,TRUE,TRUE,,,,,,,,,
,"C17orf82,TBX2",rs2240736,17:59485393,26390057,0.2656,,SBP,1.17E-32,TRUE,TRUE,TRUE,rs1000423,17:59475642,0.9852,0.2684,SBP,6.50E-33,TRUE,TRUE,TRUE,,,,,,,,,
1,MRC2,rs740698,17:60767151,28951623,0.4351,,PP,3.83E-26,TRUE,TRUE,TRUE,rs56288724,17:60767135,0.9384,0.4174,PP,1.99E-29,TRUE,TRUE,TRUE,,,,,,,,,
,ACE,rs4308,17:61559625,28951623,0.3772,,DBP,3.74E-22,TRUE,TRUE,TRUE,rs6504163,17:61545779,0.9646,0.3763,DBP,6.30E-24,TRUE,TRUE,TRUE,,,,,,,,,
1,ACOX1,rs2467099,17:73949045,28951623,0.2233,,DBP,7.58E-12,TRUE,TRUE,TRUE,rs2608882,17:73934130,0.9989,0.2238,DBP,2.46E-12,TRUE,TRUE,TRUE,rs3744009,17:73839366,0.7115,0.2528,SBP,1.59E-12,TRUE,TRUE,TRUE
,S_E_Pt9,rs57927100,17:75317300,28739976,0.2634,,DBP,7.34E-25,TRUE,TRUE,TRUE,,,,,,,,,,rs1436138,17:75316880,0.6392,0.3633,DBP,7.33E-28,TRUE,TRUE,TRUE
1,SETBP1,rs12958173,18:42141977,27618452,0.297,,SBP,2.97E-19,TRUE,TRUE,TRUE,rs56407827,18:42179819,0.8410,0.2687,SBP,2.78E-26,TRUE,TRUE,TRUE,,,,,,,,,
,SLC14A2,rs2193635,18:43096236,27841878,0.1786,,PP,4.30E-41,TRUE,TRUE,TRUE,rs7236548,18:43097750,0.9572,0.1848,PP,8.48E-43,TRUE,TRUE,TRUE,,,,,,,,,
,SLC14A2,rs7236548,18:43097750,28951623,0.1848,,PP,8.48E-43,TRUE,TRUE,TRUE,,,,,,,,,,,,,,,,,,
1,MAPK4,rs745821,18:48142854,28951623,0.2449,,DBP,2.71E-14,TRUE,TRUE,TRUE,rs58693787,18:48141710,0.9997,0.2458,DBP,3.82E-15,TRUE,TRUE,TRUE,rs57091267,18:48170771,0.4824,0.2004,DBP,2.72E-16,TRUE,TRUE,TRUE
1,MAPK4[197466]-MRO[62485],rs36010659,18:48283949,27841878,0.1414,,PP,2.98E-17,TRUE,TRUE,TRUE,rs11872627,18:48287818,0.9696,0.1389,PP,1.77E-17,TRUE,TRUE,TRUE,,,,,,,,,
,DOT1L,rs2302061,19:2226772,27618448,0.1264,,PP,1.11E-17,TRUE,TRUE,TRUE,,,,,,,,,,rs8102624,19:2161443,0.4123,0.0772,PP,1.11E-45,TRUE,TRUE,TRUE
,AMH,rs740406,19:2232221,26390057,0.0597,,PP,2.10E-30,TRUE,TRUE,TRUE,rs740405,19:2232220,0.9998,0.0598,PP,2.09E-30,TRUE,TRUE,TRUE,rs8102624,19:2161443,0.6040,0.0772,PP,1.11E-45,TRUE,TRUE,TRUE
,AMH,rs10407022,19:2249477,27618447,0.1664,,PP,4.48E-14,TRUE,TRUE,TRUE,rs4807216,19:2248683,0.8359,0.1426,PP,2.26E-17,TRUE,TRUE,TRUE,rs8102624,19:2161443,0.1636,0.0772,PP,1.11E-45,TRUE,TRUE,TRUE
1,INSR,rs7248104,19:7224431,27618448,0.4124,,PP,1.76E-18,TRUE,TRUE,TRUE,rs10410204,19:7224350,0.9859,0.4173,PP,1.24E-19,TRUE,TRUE,TRUE,rs12972004,19:7237311,0.6240,0.309,PP,6.80E-20,TRUE,TRUE,TRUE
1,INSR,rs4247374,19:7252756,27618452,0.1394,,SBP,4.52E-44,TRUE,TRUE,TRUE,rs36047283,19:7255701,0.8102,0.1233,SBP,1.58E-62,TRUE,TRUE,TRUE,rs12978472,19:7257990,0.7454,0.1241,SBP,1.23E-66,TRUE,TRUE,TRUE
,RGL3,rs167479,19:11526765,27618447-27618440,0.4722,,DBP,1.67E-82,TRUE,TRUE,TRUE,,,,,,,,,,,,,,,,,,
,ELAVL3,rs17638167,19:11584818,27618452,0.0439,,SBP,1.07E-09,TRUE,TRUE,TRUE,,,,,,,,,,rs11879596,19:11537377,0.1940,0.0156,SBP,3.90E-10,TRUE,TRUE,TRUE
1,NOTCH3,rs10418305,19:15278808,27841878,0.0991,,PP,1.21E-16,TRUE,TRUE,TRUE,rs7408868,19:15285679,0.9531,0.102,PP,1.27E-17,TRUE,TRUE,TRUE,,,,,,,,,
,ZNF101,rs2304130,19:19789528,27618447,0.0844,,DBP,4.48E-14,TRUE,TRUE,TRUE,,,,,,,,,,rs72999033,19:19366632,0.5203,0.0658,DBP,5.95E-15,TRUE,TRUE,TRUE
1,CCNE1,rs62104477,19:30294991,28951623,0.3302,,DBP,4.22E-20,TRUE,TRUE,TRUE,rs62104483,19:30300017,0.9878,0.3327,DBP,3.00E-20,TRUE,TRUE,TRUE,rs7257694,19:30314666,0.7113,0.4003,DBP,6.28E-25,TRUE,TRUE,TRUE
,TSHZ3[161697]-THEG5[156398],rs8105753,19:31927547,27841878,0.3685,,SBP,6.84E-12,TRUE,TRUE,TRUE,rs2111530,19:31891006,0.8518,0.3973,SBP,3.20E-14,TRUE,TRUE,TRUE,rs28572357,19:31867447,0.3659,0.3977,SBP,6.34E-19,TRUE,TRUE,TRUE
1,AKT2,rs9710247,19:40760449,28739976,n/a,"SNP: notHRC, but Proxies GW-sig",n/a,n/a,n/a,n/a,n/a,rs4803327,19:40840739,0.8026,0.4728,DBP,3.46E-11,TRUE,TRUE,TRUE,rs55710016,19:40828730,0.7971,0.4715,DBP,2.72E-11,TRUE,TRUE,TRUE
,RRAS,rs61760904,19:50139932,27618447,n/a,"SNP: rare, but Locus Bonf-sig",n/a,n/a,n/a,n/a,n/a,,,,,,,,,,rs1812666,19:50222955,0.2391,0.0318,SBP,1.37E-04,FALSE,TRUE,TRUE
1,PLCB1,rs6108168,20:8626271,28951623,0.2546,,DBP,1.10E-21,TRUE,TRUE,TRUE,,,,,,,,,,rs6039211,20:8616588,0.5999,0.3633,DBP,6.82E-23,TRUE,TRUE,TRUE
,JAG1,rs1327235,20:10969030,21909110,0.4714,,DBP,4.76E-68,TRUE,TRUE,TRUE,,,,,,,,,,,,,,,,,,
1,SLC24A3,rs6081613,20:19465907,28951623,0.2745,,PP,2.55E-35,TRUE,TRUE,TRUE,rs6035355,20:19465089,0.9984,0.2759,PP,1.25E-36,TRUE,TRUE,TRUE,,,,,,,,,
,HM13-AS1[14164]-ID1[24644],rs6060114,20:30169673,27841878,0.1583,,DBP,1.41E-12,TRUE,TRUE,TRUE,rs6060262,20:30193071,0.9627,0.1626,DBP,4.80E-14,TRUE,TRUE,TRUE,,,,,,,,,
1,PROCR,rs867186,20:33764554,27618447,0.0953,,PP,3.83E-04,FALSE,FALSE,TRUE,rs11167260,20:33775200,0.9989,0.0951,PP,2.51E-04,FALSE,FALSE,TRUE,rs10747514,20:33775369,0.2543,0.2859,PP,1.91E-07,FALSE,TRUE,TRUE
,JPH2,rs6031435,20:42797358,27841878,0.4602,,SBP,1.09E-17,TRUE,TRUE,TRUE,rs6031431,20:42795152,0.9950,0.4624,SBP,7.05E-18,TRUE,TRUE,TRUE,,,,,,,,,
1,PREX1,rs6095241,20:47308798,27618447,0.4396,,DBP,6.22E-15,TRUE,TRUE,TRUE,rs6012490,20:47216641,0.8510,0.4688,DBP,1.64E-16,TRUE,TRUE,TRUE,rs4315587,20:47214644,0.7038,0.4565,DBP,7.03E-18,TRUE,TRUE,TRUE
,GS-EDN3,rs6015450,20:57751117,21909110,0.1238,,DBP,5.37E-76,TRUE,TRUE,TRUE,rs6026739,20:57739469,0.9700,0.1226,DBP,1.49E-79,TRUE,TRUE,TRUE,,,,,,,,,
1,FAM176C,rs11701033,21:33788341,27841878,0.1822,,SBP,2.52E-08,TRUE,TRUE,TRUE,rs11088218,21:33780465,0.9102,0.1786,SBP,9.95E-09,TRUE,TRUE,TRUE,rs2833834,21:33814378,0.4885,0.2765,SBP,1.22E-10,TRUE,TRUE,TRUE
,CRYAA-SIK1,rs12627651,21:44760603,27618452,0.2866,,DBP,7.86E-28,TRUE,TRUE,TRUE,rs12627514,21:44759440,0.9591,0.2897,DBP,1.99E-28,TRUE,TRUE,TRUE,,,,,,,,,
,RRP1B,rs9306160,21:45107562,27618447,0.4113,,DBP,8.67E-16,TRUE,TRUE,TRUE,rs4818833,21:44989547,0.8062,0.3914,DBP,1.93E-18,TRUE,TRUE,TRUE,,,,,,,,,
1,ARVCF,rs12628032,22:19967980,28951623,0.3089,,PP,2.65E-24,TRUE,TRUE,TRUE,rs4819852,22:19988167,0.8997,0.2871,PP,8.73E-28,TRUE,TRUE,TRUE,,,,,,,,,
,ZNRF3,rs4823006,22:29451671,27618448,0.4451,,DBP,1.17E-15,TRUE,TRUE,TRUE,rs12321,22:29453193,0.9554,0.4333,DBP,1.44E-17,TRUE,TRUE,TRUE,,,,,,,,,
1,TNRC6B,rs470113,22:40729614,27618447,0.1815,,PP,1.43E-19,TRUE,TRUE,TRUE,rs139919,22:40726183,0.9859,0.1803,PP,8.04E-20,TRUE,TRUE,TRUE,,,,,,,,,
,XRCC6,rs73161324,22:42038786,28951623,0.0561,,PP,7.55E-11,TRUE,TRUE,TRUE,,,,,,,,,,,,,,,,,,
,"In “Locus” set of columns, the “Locus/Gene” column refers to the published locus name. All positions are NCBI build 37 (hg19). In the “Known SNP” set of columns, the “PMID” column provides the reference for the corresponding publication. The “Known SNP results” columns provides results for the exact SNP; the “Rsq08-BestSNP” columns provides results for the SNP with minimum p-value across all BP traits, amongst all proxy SNPs in Linkage Disequilibrium (r2 ≥ 0.8); the “Rsq01-Locus-BestSNP” columns provides results for the SNP with minimum p-value across all BP traits amongst all SNPs within the locus ±500kb from the known SNP and in Linkage Disequilibrium (r2 ≥ 0.1). All association results are from the GWAS discovery meta-analysis. “Trait” corresponds to the BP trait with minimum p-value (“P_min”). The TRUE/FALSE columns for “GWsig”, “Bonf”, “sig01” indicate whether the corresponding SNP reaches P < 5×10-8, P < 0.05/274, or P < 0.01, respectively. If the known SNP itself is not available within the MAF≥1% HRC-imputed data, “n/a” is indicated. If subsequent columns would correspond to the same best SNP from the previous set of columns, the cells are left blank. The ""Coverage"" column provides extra information for the 28 SNPs which were not covered exactly within the MAF≥1% HRC-imputed data; SBP: systolic blood pressure; DBP: diastolic blood pressure; PP: pulse pressure",,,,,,,,,,,,,,,,,,,,,,,,,,,,
,,,,,,,,,,,,,,,,,,,,,,,,,,,,,
,,,,,,,,,,,,,,,,,,,,,,,,,,,,,
,,,,,,,,,,,,,,,,,,,,,,,,,,,,,
,,,,,,,,,,,,,,,,,,,,,,,,,,,,,
,,,,,,,,,,,,,,,,,,,,,,,,,,,,,
,,,,,,,,,,,,,,,,,,,,,,,,,,,,,
,,,,,,,,,,,,,,,,,,,,,,,,,,,,,
,,,,,,,,,,,,,,,,,,,,,,,,,,,,,
,,,,,,,,,,,,,,,,,,,,,,,,,,,,,
,,,,,,,,,,,,,,,,,,,,,,,,,,,,,
,,,,,,,,,,,,,,,,,,,,,,,,,,,,,
,,,,,,,,,,,,,,,,,,,,,,,,,,,,,
,,,,,,,,,,,,,,,,,,,,,,,,,,,,,
,,,,,,,,,,,,,,,,,,,,,,,,,,,,,
,,,,,,,,,,,,,,,,,,,,,,,,,,,,,
,,,,,,,,,,,,,,,,,,,,,,,,,,,,,
,,,,,,,,,,,,,,,,,,,,,,,,,,,,,
,,,,,,,,,,,,,,,,,,,,,,,,,,,,,
,,,,,,,,,,,,,,,,,,,,,,,,,,,,,
,,,,,,,,,,,,,,,,,,,,,,,,,,,,,
,,,,,,,,,,,,,,,,,,,,,,,,,,,,,
,,,,,,,,,,,,,,,,,,,,,,,,,,,,,
,,,,,,,,,,,,,,,,,,,,,,,,,,,,,
,,,,,,,,,,,,,,,,,,,,,,,,,,,,,
,,,,,,,,,,,,,,,,,,,,,,,,,,,,,
,,,,,,,,,,,,,,,,,,,,,,,,,,,,,
,,,,,,,,,,,,,,,,,,,,,,,,,,,,,
,,,,,,,,,,,,,,,,,,,,,,,,,,,,,
,,,,,,,,,,,,,,,,,,,,,,,,,,,,,
,,,,,,,,,,,,,,,,,,,,,,,,,,,,,
,,,,,,,,,,,,,,,,,,,,,,,,,,,,,
,,,,,,,,,,,,,,,,,,,,,,,,,,,,,
,,,,,,,,,,,,,,,,,,,,,,,,,,,,,
,,,,,,,,,,,,,,,,,,,,,,,,,,,,,
,,,,,,,,,,,,,,,,,,,,,,,,,,,,,
,,,,,,,,,,,,,,,,,,,,,,,,,,,,,
,,,,,,,,,,,,,,,,,,,,,,,,,,,,,
,,,,,,,,,,,,,,,,,,,,,,,,,,,,,
,,,,,,,,,,,,,,,,,,,,,,,,,,,,,
,,,,,,,,,,,,,,,,,,,,,,,,,,,,,
,,,,,,,,,,,,,,,,,,,,,,,,,,,,,
,,,,,,,,,,,,,,,,,,,,,,,,,,,,,
,,,,,,,,,,,,,,,,,,,,,,,,,,,,,
,,,,,,,,,,,,,,,,,,,,,,,,,,,,,
,,,,,,,,,,,,,,,,,,,,,,,,,,,,,
,,,,,,,,,,,,,,,,,,,,,,,,,,,,,
,,,,,,,,,,,,,,,,,,,,,,,,,,,,,
,,,,,,,,,,,,,,,,,,,,,,,,,,,,,
,,,,,,,,,,,,,,,,,,,,,,,,,,,,,
,,,,,,,,,,,,,,,,,,,,,,,,,,,,,
,,,,,,,,,,,,,,,,,,,,,,,,,,,,,
,,,,,,,,,,,,,,,,,,,,,,,,,,,,,
,,,,,,,,,,,,,,,,,,,,,,,,,,,,,
,,,,,,,,,,,,,,,,,,,,,,,,,,,,,
,,,,,,,,,,,,,,,,,,,,,,,,,,,,,
,,,,,,,,,,,,,,,,,,,,,,,,,,,,,
,,,,,,,,,,,,,,,,,,,,,,,,,,,,,
,,,,,,,,,,,,,,,,,,,,,,,,,,,,,
,,,,,,,,,,,,,,,,,,,,,,,,,,,,,
,,,,,,,,,,,,,,,,,,,,,,,,,,,,,
,,,,,,,,,,,,,,,,,,,,,,,,,,,,,
,,,,,,,,,,,,,,,,,,,,,,,,,,,,,
,,,,,,,,,,,,,,,,,,,,,,,,,,,,,
,,,,,,,,,,,,,,,,,,,,,,,,,,,,,
,,,,,,,,,,,,,,,,,,,,,,,,,,,,,
,,,,,,,,,,,,,,,,,,,,,,,,,,,,,
,,,,,,,,,,,,,,,,,,,,,,,,,,,,,
,,,,,,,,,,,,,,,,,,,,,,,,,,,,,
,,,,,,,,,,,,,,,,,,,,,,,,,,,,,
,,,,,,,,,,,,,,,,,,,,,,,,,,,,,
,,,,,,,,,,,,,,,,,,,,,,,,,,,,,
,,,,,,,,,,,,,,,,,,,,,,,,,,,,,
,,,,,,,,,,,,,,,,,,,,,,,,,,,,,
,,,,,,,,,,,,,,,,,,,,,,,,,,,,,
,,,,,,,,,,,,,,,,,,,,,,,,,,,,,
,,,,,,,,,,,,,,,,,,,,,,,,,,,,,
,,,,,,,,,,,,,,,,,,,,,,,,,,,,,
,,,,,,,,,,,,,,,,,,,,,,,,,,,,,
,,,,,,,,,,,,,,,,,,,,,,,,,,,,,
,,,,,,,,,,,,,,,,,,,,,,,,,,,,,
,,,,,,,,,,,,,,,,,,,,,,,,,,,,,
,,,,,,,,,,,,,,,,,,,,,,,,,,,,,
,,,,,,,,,,,,,,,,,,,,,,,,,,,,,
,,,,,,,,,,,,,,,,,,,,,,,,,,,,,
,,,,,,,,,,,,,,,,,,,,,,,,,,,,,
,,,,,,,,,,,,,,,,,,,,,,,,,,,,,
,,,,,,,,,,,,,,,,,,,,,,,,,,,,,
,,,,,,,,,,,,,,,,,,,,,,,,,,,,,
,,,,,,,,,,,,,,,,,,,,,,,,,,,,,
,,,,,,,,,,,,,,,,,,,,,,,,,,,,,
,,,,,,,,,,,,,,,,,,,,,,,,,,,,,
,,,,,,,,,,,,,,,,,,,,,,,,,,,,,
,,,,,,,,,,,,,,,,,,,,,,,,,,,,,
,,,,,,,,,,,,,,,,,,,,,,,,,,,,,
,,,,,,,,,,,,,,,,,,,,,,,,,,,,,
,,,,,,,,,,,,,,,,,,,,,,,,,,,,,
,,,,,,,,,,,,,,,,,,,,,,,,,,,,,
,,,,,,,,,,,,,,,,,,,,,,,,,,,,,
,,,,,,,,,,,,,,,,,,,,,,,,,,,,,
,,,,,,,,,,,,,,,,,,,,,,,,,,,,,
,,,,,,,,,,,,,,,,,,,,,,,,,,,,,
,,,,,,,,,,,,,,,,,,,,,,,,,,,,,
,,,,,,,,,,,,,,,,,,,,,,,,,,,,,
,,,,,,,,,,,,,,,,,,,,,,,,,,,,,
,,,,,,,,,,,,,,,,,,,,,,,,,,,,,
,,,,,,,,,,,,,,,,,,,,,,,,,,,,,
,,,,,,,,,,,,,,,,,,,,,,,,,,,,,
,,,,,,,,,,,,,,,,,,,,,,,,,,,,,
,,,,,,,,,,,,,,,,,,,,,,,,,,,,,
,,,,,,,,,,,,,,,,,,,,,,,,,,,,,
,,,,,,,,,,,,,,,,,,,,,,,,,,,,,
,,,,,,,,,,,,,,,,,,,,,,,,,,,,,
,,,,,,,,,,,,,,,,,,,,,,,,,,,,,
,,,,,,,,,,,,,,,,,,,,,,,,,,,,,
,,,,,,,,,,,,,,,,,,,,,,,,,,,,,
,,,,,,,,,,,,,,,,,,,,,,,,,,,,,
,,,,,,,,,,,,,,,,,,,,,,,,,,,,,
,,,,,,,,,,,,,,,,,,,,,,,,,,,,,
,,,,,,,,,,,,,,,,,,,,,,,,,,,,,
,,,,,,,,,,,,,,,,,,,,,,,,,,,,,
,,,,,,,,,,,,,,,,,,,,,,,,,,,,,
,,,,,,,,,,,,,,,,,,,,,,,,,,,,,
,,,,,,,,,,,,,,,,,,,,,,,,,,,,,
,,,,,,,,,,,,,,,,,,,,,,,,,,,,,
,,,,,,,,,,,,,,,,,,,,,,,,,,,,,
,,,,,,,,,,,,,,,,,,,,,,,,,,,,,
,,,,,,,,,,,,,,,,,,,,,,,,,,,,,
,,,,,,,,,,,,,,,,,,,,,,,,,,,,,
,,,,,,,,,,,,,,,,,,,,,,,,,,,,,
,,,,,,,,,,,,,,,,,,,,,,,,,,,,,
,,,,,,,,,,,,,,,,,,,,,,,,,,,,,
,,,,,,,,,,,,,,,,,,,,,,,,,,,,,
,,,,,,,,,,,,,,,,,,,,,,,,,,,,,
,,,,,,,,,,,,,,,,,,,,,,,,,,,,,
,,,,,,,,,,,,,,,,,,,,,,,,,,,,,
,,,,,,,,,,,,,,,,,,,,,,,,,,,,,
,,,,,,,,,,,,,,,,,,,,,,,,,,,,,
,,,,,,,,,,,,,,,,,,,,,,,,,,,,,
,,,,,,,,,,,,,,,,,,,,,,,,,,,,,
,,,,,,,,,,,,,,,,,,,,,,,,,,,,,
,,,,,,,,,,,,,,,,,,,,,,,,,,,,,
,,,,,,,,,,,,,,,,,,,,,,,,,,,,,
,,,,,,,,,,,,,,,,,,,,,,,,,,,,,
,,,,,,,,,,,,,,,,,,,,,,,,,,,,,
,,,,,,,,,,,,,,,,,,,,,,,,,,,,,
,,,,,,,,,,,,,,,,,,,,,,,,,,,,,
,,,,,,,,,,,,,,,,,,,,,,,,,,,,,
,,,,,,,,,,,,,,,,,,,,,,,,,,,,,
,,,,,,,,,,,,,,,,,,,,,,,,,,,,,
,,,,,,,,,,,,,,,,,,,,,,,,,,,,,
,,,,,,,,,,,,,,,,,,,,,,,,,,,,,
,,,,,,,,,,,,,,,,,,,,,,,,,,,,,
,,,,,,,,,,,,,,,,,,,,,,,,,,,,,
,,,,,,,,,,,,,,,,,,,,,,,,,,,,,
,,,,,,,,,,,,,,,,,,,,,,,,,,,,,
,,,,,,,,,,,,,,,,,,,,,,,,,,,,,
,,,,,,,,,,,,,,,,,,,,,,,,,,,,,
,,,,,,,,,,,,,,,,,,,,,,,,,,,,,
,,,,,,,,,,,,,,,,,,,,,,,,,,,,,
,,,,,,,,,,,,,,,,,,,,,,,,,,,,,
,,,,,,,,,,,,,,,,,,,,,,,,,,,,,
,,,,,,,,,,,,,,,,,,,,,,,,,,,,,
,,,,,,,,,,,,,,,,,,,,,,,,,,,,,
,,,,,,,,,,,,,,,,,,,,,,,,,,,,,
,,,,,,,,,,,,,,,,,,,,,,,,,,,,,
,,,,,,,,,,,,,,,,,,,,,,,,,,,,,
,,,,,,,,,,,,,,,,,,,,,,,,,,,,,
,,,,,,,,,,,,,,,,,,,,,,,,,,,,,
,,,,,,,,,,,,,,,,,,,,,,,,,,,,,
,,,,,,,,,,,,,,,,,,,,,,,,,,,,,
,,,,,,,,,,,,,,,,,,,,,,,,,,,,,
,,,,,,,,,,,,,,,,,,,,,,,,,,,,,
,,,,,,,,,,,,,,,,,,,,,,,,,,,,,
,,,,,,,,,,,,,,,,,,,,,,,,,,,,,
,,,,,,,,,,,,,,,,,,,,,,,,,,,,,
,,,,,,,,,,,,,,,,,,,,,,,,,,,,,
,,,,,,,,,,,,,,,,,,,,,,,,,,,,,
,,,,,,,,,,,,,,,,,,,,,,,,,,,,,
,,,,,,,,,,,,,,,,,,,,,,,,,,,,,
,,,,,,,,,,,,,,,,,,,,,,,,,,,,,
,,,,,,,,,,,,,,,,,,,,,,,,,,,,,
,,,,,,,,,,,,,,,,,,,,,,,,,,,,,
,,,,,,,,,,,,,,,,,,,,,,,,,,,,,
,,,,,,,,,,,,,,,,,,,,,,,,,,,,,
,,,,,,,,,,,,,,,,,,,,,,,,,,,,,
,,,,,,,,,,,,,,,,,,,,,,,,,,,,,
,,,,,,,,,,,,,,,,,,,,,,,,,,,,,
,,,,,,,,,,,,,,,,,,,,,,,,,,,,,
,,,,,,,,,,,,,,,,,,,,,,,,,,,,,
,,,,,,,,,,,,,,,,,,,,,,,,,,,,,
,,,,,,,,,,,,,,,,,,,,,,,,,,,,,
,,,,,,,,,,,,,,,,,,,,,,,,,,,,,
,,,,,,,,,,,,,,,,,,,,,,,,,,,,,
,,,,,,,,,,,,,,,,,,,,,,,,,,,,,
,,,,,,,,,,,,,,,,,,,,,,,,,,,,,
,,,,,,,,,,,,,,,,,,,,,,,,,,,,,
,,,,,,,,,,,,,,,,,,,,,,,,,,,,,
,,,,,,,,,,,,,,,,,,,,,,,,,,,,,
,,,,,,,,,,,,,,,,,,,,,,,,,,,,,
,,,,,,,,,,,,,,,,,,,,,,,,,,,,,
,,,,,,,,,,,,,,,,,,,,,,,,,,,,,
,,,,,,,,,,,,,,,,,,,,,,,,,,,,,
,,,,,,,,,,,,,,,,,,,,,,,,,,,,,
,,,,,,,,,,,,,,,,,,,,,,,,,,,,,
,,,,,,,,,,,,,,,,,,,,,,,,,,,,,
,,,,,,,,,,,,,,,,,,,,,,,,,,,,,
,,,,,,,,,,,,,,,,,,,,,,,,,,,,,
,,,,,,,,,,,,,,,,,,,,,,,,,,,,,
,,,,,,,,,,,,,,,,,,,,,,,,,,,,,
,,,,,,,,,,,,,,,,,,,,,,,,,,,,,
,,,,,,,,,,,,,,,,,,,,,,,,,,,,,
,,,,,,,,,,,,,,,,,,,,,,,,,,,,,
,,,,,,,,,,,,,,,,,,,,,,,,,,,,,
,,,,,,,,,,,,,,,,,,,,,,,,,,,,,
,,,,,,,,,,,,,,,,,,,,,,,,,,,,,
,,,,,,,,,,,,,,,,,,,,,,,,,,,,,
,,,,,,,,,,,,,,,,,,,,,,,,,,,,,
,,,,,,,,,,,,,,,,,,,,,,,,,,,,,
,,,,,,,,,,,,,,,,,,,,,,,,,,,,,
,,,,,,,,,,,,,,,,,,,,,,,,,,,,,
,,,,,,,,,,,,,,,,,,,,,,,,,,,,,
,,,,,,,,,,,,,,,,,,,,,,,,,,,,,
,,,,,,,,,,,,,,,,,,,,,,,,,,,,,
,,,,,,,,,,,,,,,,,,,,,,,,,,,,,
,,,,,,,,,,,,,,,,,,,,,,,,,,,,,
,,,,,,,,,,,,,,,,,,,,,,,,,,,,,
,,,,,,,,,,,,,,,,,,,,,,,,,,,,,
,,,,,,,,,,,,,,,,,,,,,,,,,,,,,
,,,,,,,,,,,,,,,,,,,,,,,,,,,,,
,,,,,,,,,,,,,,,,,,,,,,,,,,,,,
,,,,,,,,,,,,,,,,,,,,,,,,,,,,,
,,,,,,,,,,,,,,,,,,,,,,,,,,,,,
,,,,,,,,,,,,,,,,,,,,,,,,,,,,,
,,,,,,,,,,,,,,,,,,,,,,,,,,,,,
,,,,,,,,,,,,,,,,,,,,,,,,,,,,,
,,,,,,,,,,,,,,,,,,,,,,,,,,,,,
,,,,,,,,,,,,,,,,,,,,,,,,,,,,,
,,,,,,,,,,,,,,,,,,,,,,,,,,,,,
,,,,,,,,,,,,,,,,,,,,,,,,,,,,,
,,,,,,,,,,,,,,,,,,,,,,,,,,,,,
,,,,,,,,,,,,,,,,,,,,,,,,,,,,,
,,,,,,,,,,,,,,,,,,,,,,,,,,,,,
,,,,,,,,,,,,,,,,,,,,,,,,,,,,,
,,,,,,,,,,,,,,,,,,,,,,,,,,,,,
,,,,,,,,,,,,,,,,,,,,,,,,,,,,,
,,,,,,,,,,,,,,,,,,,,,,,,,,,,,
,,,,,,,,,,,,,,,,,,,,,,,,,,,,,
,,,,,,,,,,,,,,,,,,,,,,,,,,,,,
,,,,,,,,,,,,,,,,,,,,,,,,,,,,,
,,,,,,,,,,,,,,,,,,,,,,,,,,,,,
,,,,,,,,,,,,,,,,,,,,,,,,,,,,,
,,,,,,,,,,,,,,,,,,,,,,,,,,,,,
,,,,,,,,,,,,,,,,,,,,,,,,,,,,,
,,,,,,,,,,,,,,,,,,,,,,,,,,,,,
,,,,,,,,,,,,,,,,,,,,,,,,,,,,,
,,,,,,,,,,,,,,,,,,,,,,,,,,,,,
,,,,,,,,,,,,,,,,,,,,,,,,,,,,,
,,,,,,,,,,,,,,,,,,,,,,,,,,,,,
,,,,,,,,,,,,,,,,,,,,,,,,,,,,,
,,,,,,,,,,,,,,,,,,,,,,,,,,,,,
,,,,,,,,,,,,,,,,,,,,,,,,,,,,,
,,,,,,,,,,,,,,,,,,,,,,,,,,,,,
,,,,,,,,,,,,,,,,,,,,,,,,,,,,,
,,,,,,,,,,,,,,,,,,,,,,,,,,,,,
,,,,,,,,,,,,,,,,,,,,,,,,,,,,,
,,,,,,,,,,,,,,,,,,,,,,,,,,,,,
,,,,,,,,,,,,,,,,,,,,,,,,,,,,,
,,,,,,,,,,,,,,,,,,,,,,,,,,,,,
,,,,,,,,,,,,,,,,,,,,,,,,,,,,,
,,,,,,,,,,,,,,,,,,,,,,,,,,,,,
,,,,,,,,,,,,,,,,,,,,,,,,,,,,,
,,,,,,,,,,,,,,,,,,,,,,,,,,,,,
,,,,,,,,,,,,,,,,,,,,,,,,,,,,,
,,,,,,,,,,,,,,,,,,,,,,,,,,,,,
,,,,,,,,,,,,,,,,,,,,,,,,,,,,,
,,,,,,,,,,,,,,,,,,,,,,,,,,,,,
,,,,,,,,,,,,,,,,,,,,,,,,,,,,,
,,,,,,,,,,,,,,,,,,,,,,,,,,,,,
,,,,,,,,,,,,,,,,,,,,,,,,,,,,,
,,,,,,,,,,,,,,,,,,,,,,,,,,,,,
,,,,,,,,,,,,,,,,,,,,,,,,,,,,,
,,,,,,,,,,,,,,,,,,,,,,,,,,,,,
,,,,,,,,,,,,,,,,,,,,,,,,,,,,,
,,,,,,,,,,,,,,,,,,,,,,,,,,,,,
,,,,,,,,,,,,,,,,,,,,,,,,,,,,,
,,,,,,,,,,,,,,,,,,,,,,,,,,,,,
,,,,,,,,,,,,,,,,,,,,,,,,,,,,,
,,,,,,,,,,,,,,,,,,,,,,,,,,,,,
,,,,,,,,,,,,,,,,,,,,,,,,,,,,,
,,,,,,,,,,,,,,,,,,,,,,,,,,,,,
,,,,,,,,,,,,,,,,,,,,,,,,,,,,,
,,,,,,,,,,,,,,,,,,,,,,,,,,,,,
,,,,,,,,,,,,,,,,,,,,,,,,,,,,,
,,,,,,,,,,,,,,,,,,,,,,,,,,,,,
,,,,,,,,,,,,,,,,,,,,,,,,,,,,,
,,,,,,,,,,,,,,,,,,,,,,,,,,,,,
,,,,,,,,,,,,,,,,,,,,,,,,,,,,,
,,,,,,,,,,,,,,,,,,,,,,,,,,,,,
,,,,,,,,,,,,,,,,,,,,,,,,,,,,,
,,,,,,,,,,,,,,,,,,,,,,,,,,,,,
,,,,,,,,,,,,,,,,,,,,,,,,,,,,,
,,,,,,,,,,,,,,,,,,,,,,,,,,,,,
,,,,,,,,,,,,,,,,,,,,,,,,,,,,,
,,,,,,,,,,,,,,,,,,,,,,,,,,,,,
,,,,,,,,,,,,,,,,,,,,,,,,,,,,,
,,,,,,,,,,,,,,,,,,,,,,,,,,,,,
,,,,,,,,,,,,,,,,,,,,,,,,,,,,,
,,,,,,,,,,,,,,,,,,,,,,,,,,,,,
,,,,,,,,,,,,,,,,,,,,,,,,,,,,,
,,,,,,,,,,,,,,,,,,,,,,,,,,,,,
,,,,,,,,,,,,,,,,,,,,,,,,,,,,,
,,,,,,,,,,,,,,,,,,,,,,,,,,,,,
,,,,,,,,,,,,,,,,,,,,,,,,,,,,,
,,,,,,,,,,,,,,,,,,,,,,,,,,,,,
,,,,,,,,,,,,,,,,,,,,,,,,,,,,,
,,,,,,,,,,,,,,,,,,,,,,,,,,,,,
,,,,,,,,,,,,,,,,,,,,,,,,,,,,,
,,,,,,,,,,,,,,,,,,,,,,,,,,,,,
,,,,,,,,,,,,,,,,,,,,,,,,,,,,,
,,,,,,,,,,,,,,,,,,,,,,,,,,,,,
,,,,,,,,,,,,,,,,,,,,,,,,,,,,,
,,,,,,,,,,,,,,,,,,,,,,,,,,,,,
,,,,,,,,,,,,,,,,,,,,,,,,,,,,,
,,,,,,,,,,,,,,,,,,,,,,,,,,,,,
,,,,,,,,,,,,,,,,,,,,,,,,,,,,,
,,,,,,,,,,,,,,,,,,,,,,,,,,,,,
,,,,,,,,,,,,,,,,,,,,,,,,,,,,,
,,,,,,,,,,,,,,,,,,,,,,,,,,,,,
,,,,,,,,,,,,,,,,,,,,,,,,,,,,,
,,,,,,,,,,,,,,,,,,,,,,,,,,,,,
,,,,,,,,,,,,,,,,,,,,,,,,,,,,,
,,,,,,,,,,,,,,,,,,,,,,,,,,,,,
,,,,,,,,,,,,,,,,,,,,,,,,,,,,,
,,,,,,,,,,,,,,,,,,,,,,,,,,,,,
,,,,,,,,,,,,,,,,,,,,,,,,,,,,,
,,,,,,,,,,,,,,,,,,,,,,,,,,,,,
,,,,,,,,,,,,,,,,,,,,,,,,,,,,,
,,,,,,,,,,,,,,,,,,,,,,,,,,,,,
,,,,,,,,,,,,,,,,,,,,,,,,,,,,,
,,,,,,,,,,,,,,,,,,,,,,,,,,,,,
,,,,,,,,,,,,,,,,,,,,,,,,,,,,,
,,,,,,,,,,,,,,,,,,,,,,,,,,,,,
,,,,,,,,,,,,,,,,,,,,,,,,,,,,,
,,,,,,,,,,,,,,,,,,,,,,,,,,,,,
,,,,,,,,,,,,,,,,,,,,,,,,,,,,,
,,,,,,,,,,,,,,,,,,,,,,,,,,,,,
,,,,,,,,,,,,,,,,,,,,,,,,,,,,,
,,,,,,,,,,,,,,,,,,,,,,,,,,,,,
,,,,,,,,,,,,,,,,,,,,,,,,,,,,,
,,,,,,,,,,,,,,,,,,,,,,,,,,,,,
,,,,,,,,,,,,,,,,,,,,,,,,,,,,,
,,,,,,,,,,,,,,,,,,,,,,,,,,,,,
,,,,,,,,,,,,,,,,,,,,,,,,,,,,,
,,,,,,,,,,,,,,,,,,,,,,,,,,,,,
,,,,,,,,,,,,,,,,,,,,,,,,,,,,,
,,,,,,,,,,,,,,,,,,,,,,,,,,,,,
,,,,,,,,,,,,,,,,,,,,,,,,,,,,,
,,,,,,,,,,,,,,,,,,,,,,,,,,,,,
,,,,,,,,,,,,,,,,,,,,,,,,,,,,,
,,,,,,,,,,,,,,,,,,,,,,,,,,,,,
,,,,,,,,,,,,,,,,,,,,,,,,,,,,,
,,,,,,,,,,,,,,,,,,,,,,,,,,,,,
,,,,,,,,,,,,,,,,,,,,,,,,,,,,,
,,,,,,,,,,,,,,,,,,,,,,,,,,,,,
,,,,,,,,,,,,,,,,,,,,,,,,,,,,,
,,,,,,,,,,,,,,,,,,,,,,,,,,,,,
,,,,,,,,,,,,,,,,,,,,,,,,,,,,,
,,,,,,,,,,,,,,,,,,,,,,,,,,,,,
,,,,,,,,,,,,,,,,,,,,,,,,,,,,,
,,,,,,,,,,,,,,,,,,,,,,,,,,,,,
,,,,,,,,,,,,,,,,,,,,,,,,,,,,,
,,,,,,,,,,,,,,,,,,,,,,,,,,,,,
,,,,,,,,,,,,,,,,,,,,,,,,,,,,,
,,,,,,,,,,,,,,,,,,,,,,,,,,,,,
,,,,,,,,,,,,,,,,,,,,,,,,,,,,,
,,,,,,,,,,,,,,,,,,,,,,,,,,,,,
,,,,,,,,,,,,,,,,,,,,,,,,,,,,,
,,,,,,,,,,,,,,,,,,,,,,,,,,,,,
,,,,,,,,,,,,,,,,,,,,,,,,,,,,,
,,,,,,,,,,,,,,,,,,,,,,,,,,,,,
,,,,,,,,,,,,,,,,,,,,,,,,,,,,,
,,,,,,,,,,,,,,,,,,,,,,,,,,,,,
,,,,,,,,,,,,,,,,,,,,,,,,,,,,,
,,,,,,,,,,,,,,,,,,,,,,,,,,,,,
,,,,,,,,,,,,,,,,,,,,,,,,,,,,,
,,,,,,,,,,,,,,,,,,,,,,,,,,,,,
,,,,,,,,,,,,,,,,,,,,,,,,,,,,,
,,,,,,,,,,,,,,,,,,,,,,,,,,,,,
,,,,,,,,,,,,,,,,,,,,,,,,,,,,,
,,,,,,,,,,,,,,,,,,,,,,,,,,,,,
,,,,,,,,,,,,,,,,,,,,,,,,,,,,,
,,,,,,,,,,,,,,,,,,,,,,,,,,,,,
,,,,,,,,,,,,,,,,,,,,,,,,,,,,,
,,,,,,,,,,,,,,,,,,,,,,,,,,,,,
,,,,,,,,,,,,,,,,,,,,,,,,,,,,,
,,,,,,,,,,,,,,,,,,,,,,,,,,,,,
,,,,,,,,,,,,,,,,,,,,,,,,,,,,,
,,,,,,,,,,,,,,,,,,,,,,,,,,,,,
,,,,,,,,,,,,,,,,,,,,,,,,,,,,,
,,,,,,,,,,,,,,,,,,,,,,,,,,,,,
,,,,,,,,,,,,,,,,,,,,,,,,,,,,,
,,,,,,,,,,,,,,,,,,,,,,,,,,,,,
,,,,,,,,,,,,,,,,,,,,,,,,,,,,,
,,,,,,,,,,,,,,,,,,,,,,,,,,,,,
,,,,,,,,,,,,,,,,,,,,,,,,,,,,,
,,,,,,,,,,,,,,,,,,,,,,,,,,,,,
,,,,,,,,,,,,,,,,,,,,,,,,,,,,,
,,,,,,,,,,,,,,,,,,,,,,,,,,,,,
,,,,,,,,,,,,,,,,,,,,,,,,,,,,,
,,,,,,,,,,,,,,,,,,,,,,,,,,,,,
,,,,,,,,,,,,,,,,,,,,,,,,,,,,,
,,,,,,,,,,,,,,,,,,,,,,,,,,,,,
,,,,,,,,,,,,,,,,,,,,,,,,,,,,,
,,,,,,,,,,,,,,,,,,,,,,,,,,,,,
,,,,,,,,,,,,,,,,,,,,,,,,,,,,,
,,,,,,,,,,,,,,,,,,,,,,,,,,,,,
,,,,,,,,,,,,,,,,,,,,,,,,,,,,,
,,,,,,,,,,,,,,,,,,,,,,,,,,,,,
,,,,,,,,,,,,,,,,,,,,,,,,,,,,,
,,,,,,,,,,,,,,,,,,,,,,,,,,,,,
,,,,,,,,,,,,,,,,,,,,,,,,,,,,,
,,,,,,,,,,,,,,,,,,,,,,,,,,,,,
,,,,,,,,,,,,,,,,,,,,,,,,,,,,,
,,,,,,,,,,,,,,,,,,,,,,,,,,,,,
,,,,,,,,,,,,,,,,,,,,,,,,,,,,,
,,,,,,,,,,,,,,,,,,,,,,,,,,,,,
,,,,,,,,,,,,,,,,,,,,,,,,,,,,,
,,,,,,,,,,,,,,,,,,,,,,,,,,,,,
,,,,,,,,,,,,,,,,,,,,,,,,,,,,,
,,,,,,,,,,,,,,,,,,,,,,,,,,,,,
,,,,,,,,,,,,,,,,,,,,,,,,,,,,,
,,,,,,,,,,,,,,,,,,,,,,,,,,,,,
,,,,,,,,,,,,,,,,,,,,,,,,,,,,,
,,,,,,,,,,,,,,,,,,,,,,,,,,,,,
,,,,,,,,,,,,,,,,,,,,,,,,,,,,,
,,,,,,,,,,,,,,,,,,,,,,,,,,,,,
,,,,,,,,,,,,,,,,,,,,,,,,,,,,,
,,,,,,,,,,,,,,,,,,,,,,,,,,,,,
,,,,,,,,,,,,,,,,,,,,,,,,,,,,,
,,,,,,,,,,,,,,,,,,,,,,,,,,,,,
,,,,,,,,,,,,,,,,,,,,,,,,,,,,,
,,,,,,,,,,,,,,,,,,,,,,,,,,,,,
,,,,,,,,,,,,,,,,,,,,,,,,,,,,,
,,,,,,,,,,,,,,,,,,,,,,,,,,,,,
,,,,,,,,,,,,,,,,,,,,,,,,,,,,,
,,,,,,,,,,,,,,,,,,,,,,,,,,,,,
,,,,,,,,,,,,,,,,,,,,,,,,,,,,,
,,,,,,,,,,,,,,,,,,,,,,,,,,,,,
,,,,,,,,,,,,,,,,,,,,,,,,,,,,,
,,,,,,,,,,,,,,,,,,,,,,,,,,,,,
,,,,,,,,,,,,,,,,,,,,,,,,,,,,,
,,,,,,,,,,,,,,,,,,,,,,,,,,,,,
,,,,,,,,,,,,,,,,,,,,,,,,,,,,,
,,,,,,,,,,,,,,,,,,,,,,,,,,,,,
,,,,,,,,,,,,,,,,,,,,,,,,,,,,,
,,,,,,,,,,,,,,,,,,,,,,,,,,,,,
,,,,,,,,,,,,,,,,,,,,,,,,,,,,,
,,,,,,,,,,,,,,,,,,,,,,,,,,,,,
,,,,,,,,,,,,,,,,,,,,,,,,,,,,,
,,,,,,,,,,,,,,,,,,,,,,,,,,,,,
,,,,,,,,,,,,,,,,,,,,,,,,,,,,,
,,,,,,,,,,,,,,,,,,,,,,,,,,,,,
,,,,,,,,,,,,,,,,,,,,,,,,,,,,,
,,,,,,,,,,,,,,,,,,,,,,,,,,,,,
,,,,,,,,,,,,,,,,,,,,,,,,,,,,,
,,,,,,,,,,,,,,,,,,,,,,,,,,,,,
,,,,,,,,,,,,,,,,,,,,,,,,,,,,,
,,,,,,,,,,,,,,,,,,,,,,,,,,,,,
,,,,,,,,,,,,,,,,,,,,,,,,,,,,,
,,,,,,,,,,,,,,,,,,,,,,,,,,,,,
,,,,,,,,,,,,,,,,,,,,,,,,,,,,,
,,,,,,,,,,,,,,,,,,,,,,,,,,,,,
,,,,,,,,,,,,,,,,,,,,,,,,,,,,,
,,,,,,,,,,,,,,,,,,,,,,,,,,,,,
,,,,,,,,,,,,,,,,,,,,,,,,,,,,,
,,,,,,,,,,,,,,,,,,,,,,,,,,,,,
,,,,,,,,,,,,,,,,,,,,,,,,,,,,,
,,,,,,,,,,,,,,,,,,,,,,,,,,,,,
,,,,,,,,,,,,,,,,,,,,,,,,,,,,,
,,,,,,,,,,,,,,,,,,,,,,,,,,,,,
,,,,,,,,,,,,,,,,,,,,,,,,,,,,,
,,,,,,,,,,,,,,,,,,,,,,,,,,,,,
,,,,,,,,,,,,,,,,,,,,,,,,,,,,,
,,,,,,,,,,,,,,,,,,,,,,,,,,,,,
,,,,,,,,,,,,,,,,,,,,,,,,,,,,,
,,,,,,,,,,,,,,,,,,,,,,,,,,,,,
,,,,,,,,,,,,,,,,,,,,,,,,,,,,,
,,,,,,,,,,,,,,,,,,,,,,,,,,,,,
,,,,,,,,,,,,,,,,,,,,,,,,,,,,,
,,,,,,,,,,,,,,,,,,,,,,,,,,,,,
,,,,,,,,,,,,,,,,,,,,,,,,,,,,,
,,,,,,,,,,,,,,,,,,,,,,,,,,,,,
,,,,,,,,,,,,,,,,,,,,,,,,,,,,,
,,,,,,,,,,,,,,,,,,,,,,,,,,,,,
,,,,,,,,,,,,,,,,,,,,,,,,,,,,,
,,,,,,,,,,,,,,,,,,,,,,,,,,,,,
,,,,,,,,,,,,,,,,,,,,,,,,,,,,,
,,,,,,,,,,,,,,,,,,,,,,,,,,,,,
,,,,,,,,,,,,,,,,,,,,,,,,,,,,,
,,,,,,,,,,,,,,,,,,,,,,,,,,,,,
,,,,,,,,,,,,,,,,,,,,,,,,,,,,,
,,,,,,,,,,,,,,,,,,,,,,,,,,,,,
,,,,,,,,,,,,,,,,,,,,,,,,,,,,,
,,,,,,,,,,,,,,,,,,,,,,,,,,,,,
,,,,,,,,,,,,,,,,,,,,,,,,,,,,,
,,,,,,,,,,,,,,,,,,,,,,,,,,,,,
,,,,,,,,,,,,,,,,,,,,,,,,,,,,,
,,,,,,,,,,,,,,,,,,,,,,,,,,,,,
,,,,,,,,,,,,,,,,,,,,,,,,,,,,,
,,,,,,,,,,,,,,,,,,,,,,,,,,,,,
,,,,,,,,,,,,,,,,,,,,,,,,,,,,,
,,,,,,,,,,,,,,,,,,,,,,,,,,,,,
,,,,,,,,,,,,,,,,,,,,,,,,,,,,,
,,,,,,,,,,,,,,,,,,,,,,,,,,,,,
,,,,,,,,,,,,,,,,,,,,,,,,,,,,,
,,,,,,,,,,,,,,,,,,,,,,,,,,,,,
,,,,,,,,,,,,,,,,,,,,,,,,,,,,,
,,,,,,,,,,,,,,,,,,,,,,,,,,,,,
,,,,,,,,,,,,,,,,,,,,,,,,,,,,,
,,,,,,,,,,,,,,,,,,,,,,,,,,,,,
,,,,,,,,,,,,,,,,,,,,,,,,,,,,,
,,,,,,,,,,,,,,,,,,,,,,,,,,,,,
,,,,,,,,,,,,,,,,,,,,,,,,,,,,,
,,,,,,,,,,,,,,,,,,,,,,,,,,,,,
,,,,,,,,,,,,,,,,,,,,,,,,,,,,,
,,,,,,,,,,,,,,,,,,,,,,,,,,,,,
,,,,,,,,,,,,,,,,,,,,,,,,,,,,,
,,,,,,,,,,,,,,,,,,,,,,,,,,,,,
,,,,,,,,,,,,,,,,,,,,,,,,,,,,,
,,,,,,,,,,,,,,,,,,,,,,,,,,,,,
,,,,,,,,,,,,,,,,,,,,,,,,,,,,,
,,,,,,,,,,,,,,,,,,,,,,,,,,,,,
,,,,,,,,,,,,,,,,,,,,,,,,,,,,,
,,,,,,,,,,,,,,,,,,,,,,,,,,,,,
,,,,,,,,,,,,,,,,,,,,,,,,,,,,,
,,,,,,,,,,,,,,,,,,,,,,,,,,,,,
,,,,,,,,,,,,,,,,,,,,,,,,,,,,,
,,,,,,,,,,,,,,,,,,,,,,,,,,,,,
,,,,,,,,,,,,,,,,,,,,,,,,,,,,,
,,,,,,,,,,,,,,,,,,,,,,,,,,,,,
,,,,,,,,,,,,,,,,,,,,,,,,,,,,,
,,,,,,,,,,,,,,,,,,,,,,,,,,,,,
,,,,,,,,,,,,,,,,,,,,,,,,,,,,,
,,,,,,,,,,,,,,,,,,,,,,,,,,,,,
,,,,,,,,,,,,,,,,,,,,,,,,,,,,,
,,,,,,,,,,,,,,,,,,,,,,,,,,,,,
,,,,,,,,,,,,,,,,,,,,,,,,,,,,,
,,,,,,,,,,,,,,,,,,,,,,,,,,,,,
,,,,,,,,,,,,,,,,,,,,,,,,,,,,,
,,,,,,,,,,,,,,,,,,,,,,,,,,,,,
,,,,,,,,,,,,,,,,,,,,,,,,,,,,,
,,,,,,,,,,,,,,,,,,,,,,,,,,,,,
,,,,,,,,,,,,,,,,,,,,,,,,,,,,,
,,,,,,,,,,,,,,,,,,,,,,,,,,,,,
,,,,,,,,,,,,,,,,,,,,,,,,,,,,,
,,,,,,,,,,,,,,,,,,,,,,,,,,,,,
,,,,,,,,,,,,,,,,,,,,,,,,,,,,,
,,,,,,,,,,,,,,,,,,,,,,,,,,,,,
,,,,,,,,,,,,,,,,,,,,,,,,,,,,,
,,,,,,,,,,,,,,,,,,,,,,,,,,,,,
,,,,,,,,,,,,,,,,,,,,,,,,,,,,,
,,,,,,,,,,,,,,,,,,,,,,,,,,,,,
,,,,,,,,,,,,,,,,,,,,,,,,,,,,,
,,,,,,,,,,,,,,,,,,,,,,,,,,,,,
,,,,,,,,,,,,,,,,,,,,,,,,,,,,,
,,,,,,,,,,,,,,,,,,,,,,,,,,,,,
,,,,,,,,,,,,,,,,,,,,,,,,,,,,,
,,,,,,,,,,,,,,,,,,,,,,,,,,,,,
,,,,,,,,,,,,,,,,,,,,,,,,,,,,,
,,,,,,,,,,,,,,,,,,,,,,,,,,,,,
,,,,,,,,,,,,,,,,,,,,,,,,,,,,,
,,,,,,,,,,,,,,,,,,,,,,,,,,,,,
,,,,,,,,,,,,,,,,,,,,,,,,,,,,,
,,,,,,,,,,,,,,,,,,,,,,,,,,,,,
,,,,,,,,,,,,,,,,,,,,,,,,,,,,,
,,,,,,,,,,,,,,,,,,,,,,,,,,,,,
,,,,,,,,,,,,,,,,,,,,,,,,,,,,,
,,,,,,,,,,,,,,,,,,,,,,,,,,,,,
,,,,,,,,,,,,,,,,,,,,,,,,,,,,,
,,,,,,,,,,,,,,,,,,,,,,,,,,,,,
,,,,,,,,,,,,,,,,,,,,,,,,,,,,,
,,,,,,,,,,,,,,,,,,,,,,,,,,,,,
,,,,,,,,,,,,,,,,,,,,,,,,,,,,,
,,,,,,,,,,,,,,,,,,,,,,,,,,,,,
,,,,,,,,,,,,,,,,,,,,,,,,,,,,,
,,,,,,,,,,,,,,,,,,,,,,,,,,,,,
,,,,,,,,,,,,,,,,,,,,,,,,,,,,,
,,,,,,,,,,,,,,,,,,,,,,,,,,,,,
,,,,,,,,,,,,,,,,,,,,,,,,,,,,,
,,,,,,,,,,,,,,,,,,,,,,,,,,,,,
,,,,,,,,,,,,,,,,,,,,,,,,,,,,,
,,,,,,,,,,,,,,,,,,,,,,,,,,,,,
,,,,,,,,,,,,,,,,,,,,,,,,,,,,,
,,,,,,,,,,,,,,,,,,,,,,,,,,,,,
,,,,,,,,,,,,,,,,,,,,,,,,,,,,,
,,,,,,,,,,,,,,,,,,,,,,,,,,,,,
,,,,,,,,,,,,,,,,,,,,,,,,,,,,,
,,,,,,,,,,,,,,,,,,,,,,,,,,,,,
,,,,,,,,,,,,,,,,,,,,,,,,,,,,,
,,,,,,,,,,,,,,,,,,,,,,,,,,,,,
,,,,,,,,,,,,,,,,,,,,,,,,,,,,,
,,,,,,,,,,,,,,,,,,,,,,,,,,,,,
,,,,,,,,,,,,,,,,,,,,,,,,,,,,,
,,,,,,,,,,,,,,,,,,,,,,,,,,,,,
,,,,,,,,,,,,,,,,,,,,,,,,,,,,,
,,,,,,,,,,,,,,,,,,,,,,,,,,,,,
,,,,,,,,,,,,,,,,,,,,,,,,,,,,,
,,,,,,,,,,,,,,,,,,,,,,,,,,,,,
,,,,,,,,,,,,,,,,,,,,,,,,,,,,,
,,,,,,,,,,,,,,,,,,,,,,,,,,,,,
,,,,,,,,,,,,,,,,,,,,,,,,,,,,,
,,,,,,,,,,,,,,,,,,,,,,,,,,,,,
,,,,,,,,,,,,,,,,,,,,,,,,,,,,,
,,,,,,,,,,,,,,,,,,,,,,,,,,,,,
,,,,,,,,,,,,,,,,,,,,,,,,,,,,,
,,,,,,,,,,,,,,,,,,,,,,,,,,,,,
,,,,,,,,,,,,,,,,,,,,,,,,,,,,,
,,,,,,,,,,,,,,,,,,,,,,,,,,,,,
,,,,,,,,,,,,,,,,,,,,,,,,,,,,,
,,,,,,,,,,,,,,,,,,,,,,,,,,,,,
,,,,,,,,,,,,,,,,,,,,,,,,,,,,,
,,,,,,,,,,,,,,,,,,,,,,,,,,,,,
,,,,,,,,,,,,,,,,,,,,,,,,,,,,,
,,,,,,,,,,,,,,,,,,,,,,,,,,,,,
,,,,,,,,,,,,,,,,,,,,,,,,,,,,,
,,,,,,,,,,,,,,,,,,,,,,,,,,,,,
,,,,,,,,,,,,,,,,,,,,,,,,,,,,,
,,,,,,,,,,,,,,,,,,,,,,,,,,,,,
,,,,,,,,,,,,,,,,,,,,,,,,,,,,,
,,,,,,,,,,,,,,,,,,,,,,,,,,,,,
,,,,,,,,,,,,,,,,,,,,,,,,,,,,,
,,,,,,,,,,,,,,,,,,,,,,,,,,,,,
,,,,,,,,,,,,,,,,,,,,,,,,,,,,,
,,,,,,,,,,,,,,,,,,,,,,,,,,,,,
,,,,,,,,,,,,,,,,,,,,,,,,,,,,,
,,,,,,,,,,,,,,,,,,,,,,,,,,,,,
,,,,,,,,,,,,,,,,,,,,,,,,,,,,,
,,,,,,,,,,,,,,,,,,,,,,,,,,,,,
,,,,,,,,,,,,,,,,,,,,,,,,,,,,,
,,,,,,,,,,,,,,,,,,,,,,,,,,,,,
,,,,,,,,,,,,,,,,,,,,,,,,,,,,,
,,,,,,,,,,,,,,,,,,,,,,,,,,,,,
,,,,,,,,,,,,,,,,,,,,,,,,,,,,,
,,,,,,,,,,,,,,,,,,,,,,,,,,,,,
,,,,,,,,,,,,,,,,,,,,,,,,,,,,,
,,,,,,,,,,,,,,,,,,,,,,,,,,,,,
,,,,,,,,,,,,,,,,,,,,,,,,,,,,,
,,,,,,,,,,,,,,,,,,,,,,,,,,,,,
,,,,,,,,,,,,,,,,,,,,,,,,,,,,,
,,,,,,,,,,,,,,,,,,,,,,,,,,,,,
,,,,,,,,,,,,,,,,,,,,,,,,,,,,,
,,,,,,,,,,,,,,,,,,,,,,,,,,,,,
,,,,,,,,,,,,,,,,,,,,,,,,,,,,,
,,,,,,,,,,,,,,,,,,,,,,,,,,,,,
,,,,,,,,,,,,,,,,,,,,,,,,,,,,,
,,,,,,,,,,,,,,,,,,,,,,,,,,,,,
,,,,,,,,,,,,,,,,,,,,,,,,,,,,,
,,,,,,,,,,,,,,,,,,,,,,,,,,,,,
,,,,,,,,,,,,,,,,,,,,,,,,,,,,,
,,,,,,,,,,,,,,,,,,,,,,,,,,,,,
,,,,,,,,,,,,,,,,,,,,,,,,,,,,,
,,,,,,,,,,,,,,,,,,,,,,,,,,,,,
,,,,,,,,,,,,,,,,,,,,,,,,,,,,,
,,,,,,,,,,,,,,,,,,,,,,,,,,,,,
,,,,,,,,,,,,,,,,,,,,,,,,,,,,,
,,,,,,,,,,,,,,,,,,,,,,,,,,,,,
,,,,,,,,,,,,,,,,,,,,,,,,,,,,,
,,,,,,,,,,,,,,,,,,,,,,,,,,,,,
,,,,,,,,,,,,,,,,,,,,,,,,,,,,,
,,,,,,,,,,,,,,,,,,,,,,,,,,,,,
,,,,,,,,,,,,,,,,,,,,,,,,,,,,,
,,,,,,,,,,,,,,,,,,,,,,,,,,,,,
,,,,,,,,,,,,,,,,,,,,,,,,,,,,,
,,,,,,,,,,,,,,,,,,,,,,,,,,,,,
,,,,,,,,,,,,,,,,,,,,,,,,,,,,,
,,,,,,,,,,,,,,,,,,,,,,,,,,,,,
,,,,,,,,,,,,,,,,,,,,,,,,,,,,,
,,,,,,,,,,,,,,,,,,,,,,,,,,,,,
,,,,,,,,,,,,,,,,,,,,,,,,,,,,,
,,,,,,,,,,,,,,,,,,,,,,,,,,,,,
,,,,,,,,,,,,,,,,,,,,,,,,,,,,,
,,,,,,,,,,,,,,,,,,,,,,,,,,,,,
,,,,,,,,,,,,,,,,,,,,,,,,,,,,,
,,,,,,,,,,,,,,,,,,,,,,,,,,,,,
,,,,,,,,,,,,,,,,,,,,,,,,,,,,,
,,,,,,,,,,,,,,,,,,,,,,,,,,,,,
,,,,,,,,,,,,,,,,,,,,,,,,,,,,,
,,,,,,,,,,,,,,,,,,,,,,,,,,,,,
,,,,,,,,,,,,,,,,,,,,,,,,,,,,,
,,,,,,,,,,,,,,,,,,,,,,,,,,,,,
,,,,,,,,,,,,,,,,,,,,,,,,,,,,,
,,,,,,,,,,,,,,,,,,,,,,,,,,,,,
,,,,,,,,,,,,,,,,,,,,,,,,,,,,,
,,,,,,,,,,,,,,,,,,,,,,,,,,,,,
,,,,,,,,,,,,,,,,,,,,,,,,,,,,,
,,,,,,,,,,,,,,,,,,,,,,,,,,,,,
,,,,,,,,,,,,,,,,,,,,,,,,,,,,,
,,,,,,,,,,,,,,,,,,,,,,,,,,,,,
,,,,,,,,,,,,,,,,,,,,,,,,,,,,,
,,,,,,,,,,,,,,,,,,,,,,,,,,,,,
,,,,,,,,,,,,,,,,,,,,,,,,,,,,,
,,,,,,,,,,,,,,,,,,,,,,,,,,,,,
,,,,,,,,,,,,,,,,,,,,,,,,,,,,,
,,,,,,,,,,,,,,,,,,,,,,,,,,,,,
,,,,,,,,,,,,,,,,,,,,,,,,,,,,,
,,,,,,,,,,,,,,,,,,,,,,,,,,,,,
,,,,,,,,,,,,,,,,,,,,,,,,,,,,,
,,,,,,,,,,,,,,,,,,,,,,,,,,,,,
,,,,,,,,,,,,,,,,,,,,,,,,,,,,,
,,,,,,,,,,,,,,,,,,,,,,,,,,,,,
,,,,,,,,,,,,,,,,,,,,,,,,,,,,,
,,,,,,,,,,,,,,,,,,,,,,,,,,,,,
,,,,,,,,,,,,,,,,,,,,,,,,,,,,,
,,,,,,,,,,,,,,,,,,,,,,,,,,,,,
,,,,,,,,,,,,,,,,,,,,,,,,,,,,,
,,,,,,,,,,,,,,,,,,,,,,,,,,,,,
,,,,,,,,,,,,,,,,,,,,,,,,,,,,,
,,,,,,,,,,,,,,,,,,,,,,,,,,,,,
,,,,,,,,,,,,,,,,,,,,,,,,,,,,,
,,,,,,,,,,,,,,,,,,,,,,,,,,,,,
,,,,,,,,,,,,,,,,,,,,,,,,,,,,,
,,,,,,,,,,,,,,,,,,,,,,,,,,,,,
,,,,,,,,,,,,,,,,,,,,,,,,,,,,,
,,,,,,,,,,,,,,,,,,,,,,,,,,,,,
,,,,,,,,,,,,,,,,,,,,,,,,,,,,,
,,,,,,,,,,,,,,,,,,,,,,,,,,,,,
,,,,,,,,,,,,,,,,,,,,,,,,,,,,,
,,,,,,,,,,,,,,,,,,,,,,,,,,,,,
,,,,,,,,,,,,,,,,,,,,,,,,,,,,,
,,,,,,,,,,,,,,,,,,,,,,,,,,,,,
,,,,,,,,,,,,,,,,,,,,,,,,,,,,,
,,,,,,,,,,,,,,,,,,,,,,,,,,,,,
,,,,,,,,,,,,,,,,,,,,,,,,,,,,,
,,,,,,,,,,,,,,,,,,,,,,,,,,,,,
,,,,,,,,,,,,,,,,,,,,,,,,,,,,,
,,,,,,,,,,,,,,,,,,,,,,,,,,,,,
,,,,,,,,,,,,,,,,,,,,,,,,,,,,,
,,,,,,,,,,,,,,,,,,,,,,,,,,,,,
,,,,,,,,,,,,,,,,,,,,,,,,,,,,,
,,,,,,,,,,,,,,,,,,,,,,,,,,,,,
,,,,,,,,,,,,,,,,,,,,,,,,,,,,,
,,,,,,,,,,,,,,,,,,,,,,,,,,,,,
,,,,,,,,,,,,,,,,,,,,,,,,,,,,,
,,,,,,,,,,,,,,,,,,,,,,,,,,,,,
,,,,,,,,,,,,,,,,,,,,,,,,,,,,,
,,,,,,,,,,,,,,,,,,,,,,,,,,,,,
,,,,,,,,,,,,,,,,,,,,,,,,,,,,,
,,,,,,,,,,,,,,,,,,,,,,,,,,,,,
,,,,,,,,,,,,,,,,,,,,,,,,,,,,,
,,,,,,,,,,,,,,,,,,,,,,,,,,,,,
,,,,,,,,,,,,,,,,,,,,,,,,,,,,,
,,,,,,,,,,,,,,,,,,,,,,,,,,,,,
,,,,,,,,,,,,,,,,,,,,,,,,,,,,,
,,,,,,,,,,,,,,,,,,,,,,,,,,,,,
,,,,,,,,,,,,,,,,,,,,,,,,,,,,,
,,,,,,,,,,,,,,,,,,,,,,,,,,,,,
,,,,,,,,,,,,,,,,,,,,,,,,,,,,,
,,,,,,,,,,,,,,,,,,,,,,,,,,,,,
,,,,,,,,,,,,,,,,,,,,,,,,,,,,,
,,,,,,,,,,,,,,,,,,,,,,,,,,,,,
,,,,,,,,,,,,,,,,,,,,,,,,,,,,,
,,,,,,,,,,,,,,,,,,,,,,,,,,,,,
,,,,,,,,,,,,,,,,,,,,,,,,,,,,,
,,,,,,,,,,,,,,,,,,,,,,,,,,,,,
,,,,,,,,,,,,,,,,,,,,,,,,,,,,,
,,,,,,,,,,,,,,,,,,,,,,,,,,,,,
,,,,,,,,,,,,,,,,,,,,,,,,,,,,,
,,,,,,,,,,,,,,,,,,,,,,,,,,,,,
,,,,,,,,,,,,,,,,,,,,,,,,,,,,,
,,,,,,,,,,,,,,,,,,,,,,,,,,,,,
,,,,,,,,,,,,,,,,,,,,,,,,,,,,,
,,,,,,,,,,,,,,,,,,,,,,,,,,,,,
,,,,,,,,,,,,,,,,,,,,,,,,,,,,,
,,,,,,,,,,,,,,,,,,,,,,,,,,,,,
,,,,,,,,,,,,,,,,,,,,,,,,,,,,,
,,,,,,,,,,,,,,,,,,,,,,,,,,,,,
,,,,,,,,,,,,,,,,,,,,,,,,,,,,,
,,,,,,,,,,,,,,,,,,,,,,,,,,,,,
,,,,,,,,,,,,,,,,,,,,,,,,,,,,,
,,,,,,,,,,,,,,,,,,,,,,,,,,,,,
,,,,,,,,,,,,,,,,,,,,,,,,,,,,,
,,,,,,,,,,,,,,,,,,,,,,,,,,,,,
,,,,,,,,,,,,,,,,,,,,,,,,,,,,,
,,,,,,,,,,,,,,,,,,,,,,,,,,,,,
,,,,,,,,,,,,,,,,,,,,,,,,,,,,,
,,,,,,,,,,,,,,,,,,,,,,,,,,,,,
,,,,,,,,,,,,,,,,,,,,,,,,,,,,,
,,,,,,,,,,,,,,,,,,,,,,,,,,,,,
,,,,,,,,,,,,,,,,,,,,,,,,,,,,,
,,,,,,,,,,,,,,,,,,,,,,,,,,,,,
,,,,,,,,,,,,,,,,,,,,,,,,,,,,,
,,,,,,,,,,,,,,,,,,,,,,,,,,,,,
,,,,,,,,,,,,,,,,,,,,,,,,,,,,,
,,,,,,,,,,,,,,,,,,,,,,,,,,,,,
,,,,,,,,,,,,,,,,,,,,,,,,,,,,,
,,,,,,,,,,,,,,,,,,,,,,,,,,,,,
,,,,,,,,,,,,,,,,,,,,,,,,,,,,,
,,,,,,,,,,,,,,,,,,,,,,,,,,,,,
,,,,,,,,,,,,,,,,,,,,,,,,,,,,,
,,,,,,,,,,,,,,,,,,,,,,,,,,,,,
,,,,,,,,,,,,,,,,,,,,,,,,,,,,,
,,,,,,,,,,,,,,,,,,,,,,,,,,,,,
,,,,,,,,,,,,,,,,,,,,,,,,,,,,,
,,,,,,,,,,,,,,,,,,,,,,,,,,,,,
,,,,,,,,,,,,,,,,,,,,,,,,,,,,,
,,,,,,,,,,,,,,,,,,,,,,,,,,,,,
,,,,,,,,,,,,,,,,,,,,,,,,,,,,,
,,,,,,,,,,,,,,,,,,,,,,,,,,,,,
,,,,,,,,,,,,,,,,,,,,,,,,,,,,,
,,,,,,,,,,,,,,,,,,,,,,,,,,,,,
,,,,,,,,,,,,,,,,,,,,,,,,,,,,,
,,,,,,,,,,,,,,,,,,,,,,,,,,,,,
,,,,,,,,,,,,,,,,,,,,,,,,,,,,,
,,,,,,,,,,,,,,,,,,,,,,,,,,,,,
,,,,,,,,,,,,,,,,,,,,,,,,,,,,,
,,,,,,,,,,,,,,,,,,,,,,,,,,,,,
,,,,,,,,,,,,,,,,,,,,,,,,,,,,,
,,,,,,,,,,,,,,,,,,,,,,,,,,,,,
,,,,,,,,,,,,,,,,,,,,,,,,,,,,,
,,,,,,,,,,,,,,,,,,,,,,,,,,,,,
,,,,,,,,,,,,,,,,,,,,,,,,,,,,,
,,,,,,,,,,,,,,,,,,,,,,,,,,,,,
,,,,,,,,,,,,,,,,,,,,,,,,,,,,,
,,,,,,,,,,,,,,,,,,,,,,,,,,,,,
,,,,,,,,,,,,,,,,,,,,,,,,,,,,,
,,,,,,,,,,,,,,,,,,,,,,,,,,,,,
,,,,,,,,,,,,,,,,,,,,,,,,,,,,,
,,,,,,,,,,,,,,,,,,,,,,,,,,,,,
,,,,,,,,,,,,,,,,,,,,,,,,,,,,,
,,,,,,,,,,,,,,,,,,,,,,,,,,,,,
,,,,,,,,,,,,,,,,,,,,,,,,,,,,,
,,,,,,,,,,,,,,,,,,,,,,,,,,,,,
,,,,,,,,,,,,,,,,,,,,,,,,,,,,,
,,,,,,,,,,,,,,,,,,,,,,,,,,,,,
,,,,,,,,,,,,,,,,,,,,,,,,,,,,,
,,,,,,,,,,,,,,,,,,,,,,,,,,,,,
,,,,,,,,,,,,,,,,,,,,,,,,,,,,,
,,,,,,,,,,,,,,,,,,,,,,,,,,,,,
,,,,,,,,,,,,,,,,,,,,,,,,,,,,,
,,,,,,,,,,,,,,,,,,,,,,,,,,,,,
,,,,,,,,,,,,,,,,,,,,,,,,,,,,,
,,,,,,,,,,,,,,,,,,,,,,,,,,,,,
,,,,,,,,,,,,,,,,,,,,,,,,,,,,,
,,,,,,,,,,,,,,,,,,,,,,,,,,,,,
,,,,,,,,,,,,,,,,,,,,,,,,,,,,,
,,,,,,,,,,,,,,,,,,,,,,,,,,,,,
,,,,,,,,,,,,,,,,,,,,,,,,,,,,,
,,,,,,,,,,,,,,,,,,,,,,,,,,,,,
,,,,,,,,,,,,,,,,,,,,,,,,,,,,,
,,,,,,,,,,,,,,,,,,,,,,,,,,,,,
,,,,,,,,,,,,,,,,,,,,,,,,,,,,,
,,,,,,,,,,,,,,,,,,,,,,,,,,,,,
,,,,,,,,,,,,,,,,,,,,,,,,,,,,,
,,,,,,,,,,,,,,,,,,,,,,,,,,,,,
,,,,,,,,,,,,,,,,,,,,,,,,,,,,,
,,,,,,,,,,,,,,,,,,,,,,,,,,,,,
,,,,,,,,,,,,,,,,,,,,,,,,,,,,,
,,,,,,,,,,,,,,,,,,,,,,,,,,,,,
,,,,,,,,,,,,,,,,,,,,,,,,,,,,,
,,,,,,,,,,,,,,,,,,,,,,,,,,,,,
,,,,,,,,,,,,,,,,,,,,,,,,,,,,,
,,,,,,,,,,,,,,,,,,,,,,,,,,,,,
,,,,,,,,,,,,,,,,,,,,,,,,,,,,,
,,,,,,,,,,,,,,,,,,,,,,,,,,,,,
,,,,,,,,,,,,,,,,,,,,,,,,,,,,,
,,,,,,,,,,,,,,,,,,,,,,,,,,,,,
,,,,,,,,,,,,,,,,,,,,,,,,,,,,,
,,,,,,,,,,,,,,,,,,,,,,,,,,,,,
,,,,,,,,,,,,,,,,,,,,,,,,,,,,,
,,,,,,,,,,,,,,,,,,,,,,,,,,,,,
,,,,,,,,,,,,,,,,,,,,,,,,,,,,,
,,,,,,,,,,,,,,,,,,,,,,,,,,,,,
,,,,,,,,,,,,,,,,,,,,,,,,,,,,,
,,,,,,,,,,,,,,,,,,,,,,,,,,,,,
,,,,,,,,,,,,,,,,,,,,,,,,,,,,,
,,,,,,,,,,,,,,,,,,,,,,,,,,,,,
,,,,,,,,,,,,,,,,,,,,,,,,,,,,,
,,,,,,,,,,,,,,,,,,,,,,,,,,,,,
,,,,,,,,,,,,,,,,,,,,,,,,,,,,,
,,,,,,,,,,,,,,,,,,,,,,,,,,,,,
,,,,,,,,,,,,,,,,,,,,,,,,,,,,,
,,,,,,,,,,,,,,,,,,,,,,,,,,,,,
,,,,,,,,,,,,,,,,,,,,,,,,,,,,,
,,,,,,,,,,,,,,,,,,,,,,,,,,,,,
,,,,,,,,,,,,,,,,,,,,,,,,,,,,,
,,,,,,,,,,,,,,,,,,,,,,,,,,,,,
,,,,,,,,,,,,,,,,,,,,,,,,,,,,,
,,,,,,,,,,,,,,,,,,,,,,,,,,,,,
,,,,,,,,,,,,,,,,,,,,,,,,,,,,,
,,,,,,,,,,,,,,,,,,,,,,,,,,,,,
,,,,,,,,,,,,,,,,,,,,,,,,,,,,,
,,,,,,,,,,,,,,,,,,,,,,,,,,,,,
,,,,,,,,,,,,,,,,,,,,,,,,,,,,,
,,,,,,,,,,,,,,,,,,,,,,,,,,,,,
,,,,,,,,,,,,,,,,,,,,,,,,,,,,,
,,,,,,,,,,,,,,,,,,,,,,,,,,,,,
,,,,,,,,,,,,,,,,,,,,,,,,,,,,,
,,,,,,,,,,,,,,,,,,,,,,,,,,,,,
,,,,,,,,,,,,,,,,,,,,,,,,,,,,,
,,,,,,,,,,,,,,,,,,,,,,,,,,,,,
,,,,,,,,,,,,,,,,,,,,,,,,,,,,,
,,,,,,,,,,,,,,,,,,,,,,,,,,,,,
,,,,,,,,,,,,,,,,,,,,,,,,,,,,,
,,,,,,,,,,,,,,,,,,,,,,,,,,,,,
,,,,,,,,,,,,,,,,,,,,,,,,,,,,,
,,,,,,,,,,,,,,,,,,,,,,,,,,,,,
,,,,,,,,,,,,,,,,,,,,,,,,,,,,,
,,,,,,,,,,,,,,,,,,,,,,,,,,,,,
,,,,,,,,,,,,,,,,,,,,,,,,,,,,,
,,,,,,,,,,,,,,,,,,,,,,,,,,,,,
,,,,,,,,,,,,,,,,,,,,,,,,,,,,,
,,,,,,,,,,,,,,,,,,,,,,,,,,,,,
,,,,,,,,,,,,,,,,,,,,,,,,,,,,,
,,,,,,,,,,,,,,,,,,,,,,,,,,,,,
,,,,,,,,,,,,,,,,,,,,,,,,,,,,,
,,,,,,,,,,,,,,,,,,,,,,,,,,,,,
,,,,,,,,,,,,,,,,,,,,,,,,,,,,,
,,,,,,,,,,,,,,,,,,,,,,,,,,,,,
,,,,,,,,,,,,,,,,,,,,,,,,,,,,,
,,,,,,,,,,,,,,,,,,,,,,,,,,,,,
,,,,,,,,,,,,,,,,,,,,,,,,,,,,,
,,,,,,,,,,,,,,,,,,,,,,,,,,,,,
,,,,,,,,,,,,,,,,,,,,,,,,,,,,,
,,,,,,,,,,,,,,,,,,,,,,,,,,,,,
,,,,,,,,,,,,,,,,,,,,,,,,,,,,,
,,,,,,,,,,,,,,,,,,,,,,,,,,,,,
,,,,,,,,,,,,,,,,,,,,,,,,,,,,,
,,,,,,,,,,,,,,,,,,,,,,,,,,,,,
,,,,,,,,,,,,,,,,,,,,,,,,,,,,,
,,,,,,,,,,,,,,,,,,,,,,,,,,,,,
,,,,,,,,,,,,,,,,,,,,,,,,,,,,,
,,,,,,,,,,,,,,,,,,,,,,,,,,,,,
,,,,,,,,,,,,,,,,,,,,,,,,,,,,,
,,,,,,,,,,,,,,,,,,,,,,,,,,,,,
,,,,,,,,,,,,,,,,,,,,,,,,,,,,,
,,,,,,,,,,,,,,,,,,,,,,,,,,,,,
,,,,,,,,,,,,,,,,,,,,,,,,,,,,,
,,,,,,,,,,,,,,,,,,,,,,,,,,,,,
,,,,,,,,,,,,,,,,,,,,,,,,,,,,,
,,,,,,,,,,,,,,,,,,,,,,,,,,,,,
,,,,,,,,,,,,,,,,,,,,,,,,,,,,,
,,,,,,,,,,,,,,,,,,,,,,,,,,,,,
,,,,,,,,,,,,,,,,,,,,,,,,,,,,,
,,,,,,,,,,,,,,,,,,,,,,,,,,,,,
,,,,,,,,,,,,,,,,,,,,,,,,,,,,,
,,,,,,,,,,,,,,,,,,,,,,,,,,,,,
,,,,,,,,,,,,,,,,,,,,,,,,,,,,,
,,,,,,,,,,,,,,,,,,,,,,,,,,,,,
,,,,,,,,,,,,,,,,,,,,,,,,,,,,,
,,,,,,,,,,,,,,,,,,,,,,,,,,,,,
,,,,,,,,,,,,,,,,,,,,,,,,,,,,,
,,,,,,,,,,,,,,,,,,,,,,,,,,,,,
,,,,,,,,,,,,,,,,,,,,,,,,,,,,,
,,,,,,,,,,,,,,,,,,,,,,,,,,,,,
,,,,,,,,,,,,,,,,,,,,,,,,,,,,,
,,,,,,,,,,,,,,,,,,,,,,,,,,,,,
,,,,,,,,,,,,,,,,,,,,,,,,,,,,,
,,,,,,,,,,,,,,,,,,,,,,,,,,,,,
,,,,,,,,,,,,,,,,,,,,,,,,,,,,,
,,,,,,,,,,,,,,,,,,,,,,,,,,,,,
,,,,,,,,,,,,,,,,,,,,,,,,,,,,,
,,,,,,,,,,,,,,,,,,,,,,,,,,,,,
,,,,,,,,,,,,,,,,,,,,,,,,,,,,,
,,,,,,,,,,,,,,,,,,,,,,,,,,,,,
,,,,,,,,,,,,,,,,,,,,,,,,,,,,,
,,,,,,,,,,,,,,,,,,,,,,,,,,,,,
,,,,,,,,,,,,,,,,,,,,,,,,,,,,,
,,,,,,,,,,,,,,,,,,,,,,,,,,,,,
,,,,,,,,,,,,,,,,,,,,,,,,,,,,,
,,,,,,,,,,,,,,,,,,,,,,,,,,,,,
,,,,,,,,,,,,,,,,,,,,,,,,,,,,,
,,,,,,,,,,,,,,,,,,,,,,,,,,,,,
,,,,,,,,,,,,,,,,,,,,,,,,,,,,,
,,,,,,,,,,,,,,,,,,,,,,,,,,,,,
,,,,,,,,,,,,,,,,,,,,,,,,,,,,,
,,,,,,,,,,,,,,,,,,,,,,,,,,,,,
,,,,,,,,,,,,,,,,,,,,,,,,,,,,,
,,,,,,,,,,,,,,,,,,,,,,,,,,,,,
,,,,,,,,,,,,,,,,,,,,,,,,,,,,,
,,,,,,,,,,,,,,,,,,,,,,,,,,,,,
,,,,,,,,,,,,,,,,,,,,,,,,,,,,,
,,,,,,,,,,,,,,,,,,,,,,,,,,,,,
,,,,,,,,,,,,,,,,,,,,,,,,,,,,,
,,,,,,,,,,,,,,,,,,,,,,,,,,,,,
,,,,,,,,,,,,,,,,,,,,,,,,,,,,,
,,,,,,,,,,,,,,,,,,,,,,,,,,,,,
,,,,,,,,,,,,,,,,,,,,,,,,,,,,,
,,,,,,,,,,,,,,,,,,,,,,,,,,,,,
,,,,,,,,,,,,,,,,,,,,,,,,,,,,,
,,,,,,,,,,,,,,,,,,,,,,,,,,,,,
,,,,,,,,,,,,,,,,,,,,,,,,,,,,,
,,,,,,,,,,,,,,,,,,,,,,,,,,,,,
,,,,,,,,,,,,,,,,,,,,,,,,,,,,,
,,,,,,,,,,,,,,,,,,,,,,,,,,,,,
,,,,,,,,,,,,,,,,,,,,,,,,,,,,,
,,,,,,,,,,,,,,,,,,,,,,,,,,,,,
,,,,,,,,,,,,,,,,,,,,,,,,,,,,,
,,,,,,,,,,,,,,,,,,,,,,,,,,,,,
,,,,,,,,,,,,,,,,,,,,,,,,,,,,,
,,,,,,,,,,,,,,,,,,,,,,,,,,,,,
,,,,,,,,,,,,,,,,,,,,,,,,,,,,,
,,,,,,,,,,,,,,,,,,,,,,,,,,,,,
,,,,,,,,,,,,,,,,,,,,,,,,,,,,,
,,,,,,,,,,,,,,,,,,,,,,,,,,,,,
,,,,,,,,,,,,,,,,,,,,,,,,,,,,,
,,,,,,,,,,,,,,,,,,,,,,,,,,,,,
,,,,,,,,,,,,,,,,,,,,,,,,,,,,,
,,,,,,,,,,,,,,,,,,,,,,,,,,,,,
,,,,,,,,,,,,,,,,,,,,,,,,,,,,,
,,,,,,,,,,,,,,,,,,,,,,,,,,,,,
,,,,,,,,,,,,,,,,,,,,,,,,,,,,,
,,,,,,,,,,,,,,,,,,,,,,,,,,,,,
,,,,,,,,,,,,,,,,,,,,,,,,,,,,,
,,,,,,,,,,,,,,,,,,,,,,,,,,,,,
,,,,,,,,,,,,,,,,,,,,,,,,,,,,,
,,,,,,,,,,,,,,,,,,,,,,,,,,,,,
,,,,,,,,,,,,,,,,,,,,,,,,,,,,,
,,,,,,,,,,,,,,,,,,,,,,,,,,,,,
,,,,,,,,,,,,,,,,,,,,,,,,,,,,,
,,,,,,,,,,,,,,,,,,,,,,,,,,,,,
,,,,,,,,,,,,,,,,,,,,,,,,,,,,,
,,,,,,,,,,,,,,,,,,,,,,,,,,,,,
,,,,,,,,,,,,,,,,,,,,,,,,,,,,,
,,,,,,,,,,,,,,,,,,,,,,,,,,,,,
,,,,,,,,,,,,,,,,,,,,,,,,,,,,,
,,,,,,,,,,,,,,,,,,,,,,,,,,,,,
,,,,,,,,,,,,,,,,,,,,,,,,,,,,,
,,,,,,,,,,,,,,,,,,,,,,,,,,,,,
,,,,,,,,,,,,,,,,,,,,,,,,,,,,,
,,,,,,,,,,,,,,,,,,,,,,,,,,,,,
,,,,,,,,,,,,,,,,,,,,,,,,,,,,,
,,,,,,,,,,,,,,,,,,,,,,,,,,,,,
,,,,,,,,,,,,,,,,,,,,,,,,,,,,,
,,,,,,,,,,,,,,,,,,,,,,,,,,,,,
,,,,,,,,,,,,,,,,,,,,,,,,,,,,,
,,,,,,,,,,,,,,,,,,,,,,,,,,,,,
,,,,,,,,,,,,,,,,,,,,,,,,,,,,,
,,,,,,,,,,,,,,,,,,,,,,,,,,,,,
,,,,,,,,,,,,,,,,,,,,,,,,,,,,,
,,,,,,,,,,,,,,,,,,,,,,,,,,,,,
,,,,,,,,,,,,,,,,,,,,,,,,,,,,,
,,,,,,,,,,,,,,,,,,,,,,,,,,,,,
,,,,,,,,,,,,,,,,,,,,,,,,,,,,,
,,,,,,,,,,,,,,,,,,,,,,,,,,,,,
,,,,,,,,,,,,,,,,,,,,,,,,,,,,,
,,,,,,,,,,,,,,,,,,,,,,,,,,,,,
,,,,,,,,,,,,,,,,,,,,,,,,,,,,,
,,,,,,,,,,,,,,,,,,,,,,,,,,,,,
,,,,,,,,,,,,,,,,,,,,,,,,,,,,,
,,,,,,,,,,,,,,,,,,,,,,,,,,,,,
,,,,,,,,,,,,,,,,,,,,,,,,,,,,,
,,,,,,,,,,,,,,,,,,,,,,,,,,,,,
,,,,,,,,,,,,,,,,,,,,,,,,,,,,,
,,,,,,,,,,,,,,,,,,,,,,,,,,,,,
,,,,,,,,,,,,,,,,,,,,,,,,,,,,,
,,,,,,,,,,,,,,,,,,,,,,,,,,,,,
,,,,,,,,,,,,,,,,,,,,,,,,,,,,,
,,,,,,,,,,,,,,,,,,,,,,,,,,,,,
,,,,,,,,,,,,,,,,,,,,,,,,,,,,,
,,,,,,,,,,,,,,,,,,,,,,,,,,,,,
,,,,,,,,,,,,,,,,,,,,,,,,,,,,,
,,,,,,,,,,,,,,,,,,,,,,,,,,,,,
,,,,,,,,,,,,,,,,,,,,,,,,,,,,,
,,,,,,,,,,,,,,,,,,,,,,,,,,,,,
,,,,,,,,,,,,,,,,,,,,,,,,,,,,,
,,,,,,,,,,,,,,,,,,,,,,,,,,,,,
,,,,,,,,,,,,,,,,,,,,,,,,,,,,,
,,,,,,,,,,,,,,,,,,,,,,,,,,,,,
,,,,,,,,,,,,,,,,,,,,,,,,,,,,,
,,,,,,,,,,,,,,,,,,,,,,,,,,,,,
,,,,,,,,,,,,,,,,,,,,,,,,,,,,,
,,,,,,,,,,,,,,,,,,,,,,,,,,,,,
,,,,,,,,,,,,,,,,,,,,,,,,,,,,,
,,,,,,,,,,,,,,,,,,,,,,,,,,,,,
,,,,,,,,,,,,,,,,,,,,,,,,,,,,,
,,,,,,,,,,,,,,,,,,,,,,,,,,,,,
,,,,,,,,,,,,,,,,,,,,,,,,,,,,,
,,,,,,,,,,,,,,,,,,,,,,,,,,,,,
,,,,,,,,,,,,,,,,,,,,,,,,,,,,,
,,,,,,,,,,,,,,,,,,,,,,,,,,,,,
,,,,,,,,,,,,,,,,,,,,,,,,,,,,,
,,,,,,,,,,,,,,,,,,,,,,,,,,,,,
,,,,,,,,,,,,,,,,,,,,,,,,,,,,,
,,,,,,,,,,,,,,,,,,,,,,,,,,,,,
,,,,,,,,,,,,,,,,,,,,,,,,,,,,,
,,,,,,,,,,,,,,,,,,,,,,,,,,,,,
,,,,,,,,,,,,,,,,,,,,,,,,,,,,,
,,,,,,,,,,,,,,,,,,,,,,,,,,,,,
,,,,,,,,,,,,,,,,,,,,,,,,,,,,,
,,,,,,,,,,,,,,,,,,,,,,,,,,,,,
,,,,,,,,,,,,,,,,,,,,,,,,,,,,,
,,,,,,,,,,,,,,,,,,,,,,,,,,,,,
,,,,,,,,,,,,,,,,,,,,,,,,,,,,,
,,,,,,,,,,,,,,,,,,,,,,,,,,,,,
,,,,,,,,,,,,,,,,,,,,,,,,,,,,,
,,,,,,,,,,,,,,,,,,,,,,,,,,,,,
,,,,,,,,,,,,,,,,,,,,,,,,,,,,,
,,,,,,,,,,,,,,,,,,,,,,,,,,,,,
,,,,,,,,,,,,,,,,,,,,,,,,,,,,,
,,,,,,,,,,,,,,,,,,,,,,,,,,,,,
,,,,,,,,,,,,,,,,,,,,,,,,,,,,,
,,,,,,,,,,,,,,,,,,,,,,,,,,,,,
,,,,,,,,,,,,,,,,,,,,,,,,,,,,,
,,,,,,,,,,,,,,,,,,,,,,,,,,,,,
,,,,,,,,,,,,,,,,,,,,,,,,,,,,,
,,,,,,,,,,,,,,,,,,,,,,,,,,,,,
,,,,,,,,,,,,,,,,,,,,,,,,,,,,,
,,,,,,,,,,,,,,,,,,,,,,,,,,,,,
,,,,,,,,,,,,,,,,,,,,,,,,,,,,,
,,,,,,,,,,,,,,,,,,,,,,,,,,,,,
,,,,,,,,,,,,,,,,,,,,,,,,,,,,,
,,,,,,,,,,,,,,,,,,,,,,,,,,,,,
,,,,,,,,,,,,,,,,,,,,,,,,,,,,,
,,,,,,,,,,,,,,,,,,,,,,,,,,,,,
,,,,,,,,,,,,,,,,,,,,,,,,,,,,,
,,,,,,,,,,,,,,,,,,,,,,,,,,,,,
,,,,,,,,,,,,,,,,,,,,,,,,,,,,,
,,,,,,,,,,,,,,,,,,,,,,,,,,,,,
,,,,,,,,,,,,,,,,,,,,,,,,,,,,,
,,,,,,,,,,,,,,,,,,,,,,,,,,,,,
,,,,,,,,,,,,,,,,,,,,,,,,,,,,,
,,,,,,,,,,,,,,,,,,,,,,,,,,,,,
,,,,,,,,,,,,,,,,,,,,,,,,,,,,,
,,,,,,,,,,,,,,,,,,,,,,,,,,,,,
,,,,,,,,,,,,,,,,,,,,,,,,,,,,,
,,,,,,,,,,,,,,,,,,,,,,,,,,,,,
,,,,,,,,,,,,,,,,,,,,,,,,,,,,,
,,,,,,,,,,,,,,,,,,,,,,,,,,,,,
,,,,,,,,,,,,,,,,,,,,,,,,,,,,,
,,,,,,,,,,,,,,,,,,,,,,,,,,,,,
,,,,,,,,,,,,,,,,,,,,,,,,,,,,,
,,,,,,,,,,,,,,,,,,,,,,,,,,,,,
,,,,,,,,,,,,,,,,,,,,,,,,,,,,,
,,,,,,,,,,,,,,,,,,,,,,,,,,,,,
,,,,,,,,,,,,,,,,,,,,,,,,,,,,,
,,,,,,,,,,,,,,,,,,,,,,,,,,,,,
,,,,,,,,,,,,,,,,,,,,,,,,,,,,,
,,,,,,,,,,,,,,,,,,,,,,,,,,,,,
,,,,,,,,,,,,,,,,,,,,,,,,,,,,,
,,,,,,,,,,,,,,,,,,,,,,,,,,,,,
,,,,,,,,,,,,,,,,,,,,,,,,,,,,,
,,,,,,,,,,,,,,,,,,,,,,,,,,,,,
,,,,,,,,,,,,,,,,,,,,,,,,,,,,,
,,,,,,,,,,,,,,,,,,,,,,,,,,,,,
,,,,,,,,,,,,,,,,,,,,,,,,,,,,,
,,,,,,,,,,,,,,,,,,,,,,,,,,,,,
,,,,,,,,,,,,,,,,,,,,,,,,,,,,,
,,,,,,,,,,,,,,,,,,,,,,,,,,,,,
,,,,,,,,,,,,,,,,,,,,,,,,,,,,,
,,,,,,,,,,,,,,,,,,,,,,,,,,,,,
,,,,,,,,,,,,,,,,,,,,,,,,,,,,,
,,,,,,,,,,,,,,,,,,,,,,,,,,,,,
,,,,,,,,,,,,,,,,,,,,,,,,,,,,,
,,,,,,,,,,,,,,,,,,,,,,,,,,,,,
,,,,,,,,,,,,,,,,,,,,,,,,,,,,,
,,,,,,,,,,,,,,,,,,,,,,,,,,,,,
,,,,,,,,,,,,,,,,,,,,,,,,,,,,,
,,,,,,,,,,,,,,,,,,,,,,,,,,,,,
,,,,,,,,,,,,,,,,,,,,,,,,,,,,,
,,,,,,,,,,,,,,,,,,,,,,,,,,,,,
,,,,,,,,,,,,,,,,,,,,,,,,,,,,,
,,,,,,,,,,,,,,,,,,,,,,,,,,,,,
,,,,,,,,,,,,,,,,,,,,,,,,,,,,,
,,,,,,,,,,,,,,,,,,,,,,,,,,,,,
,,,,,,,,,,,,,,,,,,,,,,,,,,,,,
,,,,,,,,,,,,,,,,,,,,,,,,,,,,,
,,,,,,,,,,,,,,,,,,,,,,,,,,,,,
,,,,,,,,,,,,,,,,,,,,,,,,,,,,,
,,,,,,,,,,,,,,,,,,,,,,,,,,,,,
,,,,,,,,,,,,,,,,,,,,,,,,,,,,,
,,,,,,,,,,,,,,,,,,,,,,,,,,,,,
,,,,,,,,,,,,,,,,,,,,,,,,,,,,,
,,,,,,,,,,,,,,,,,,,,,,,,,,,,,
,,,,,,,,,,,,,,,,,,,,,,,,,,,,,
,,,,,,,,,,,,,,,,,,,,,,,,,,,,,
,,,,,,,,,,,,,,,,,,,,,,,,,,,,,
,,,,,,,,,,,,,,,,,,,,,,,,,,,,,
,,,,,,,,,,,,,,,,,,,,,,,,,,,,,
,,,,,,,,,,,,,,,,,,,,,,,,,,,,,
,,,,,,,,,,,,,,,,,,,,,,,,,,,,,
,,,,,,,,,,,,,,,,,,,,,,,,,,,,,
,,,,,,,,,,,,,,,,,,,,,,,,,,,,,
,,,,,,,,,,,,,,,,,,,,,,,,,,,,,
,,,,,,,,,,,,,,,,,,,,,,,,,,,,,
,,,,,,,,,,,,,,,,,,,,,,,,,,,,,
,,,,,,,,,,,,,,,,,,,,,,,,,,,,,
,,,,,,,,,,,,,,,,,,,,,,,,,,,,,
,,,,,,,,,,,,,,,,,,,,,,,,,,,,,
,,,,,,,,,,,,,,,,,,,,,,,,,,,,,
,,,,,,,,,,,,,,,,,,,,,,,,,,,,,
,,,,,,,,,,,,,,,,,,,,,,,,,,,,,
,,,,,,,,,,,,,,,,,,,,,,,,,,,,,
,,,,,,,,,,,,,,,,,,,,,,,,,,,,,
,,,,,,,,,,,,,,,,,,,,,,,,,,,,,
,,,,,,,,,,,,,,,,,,,,,,,,,,,,,
